"package",'version",'option",'platform",'dependency",'package_provider",'compiled_with",'composite",'section",'spack_matches",'spack_match_100"
"gerun",NONE,NONE,NONE,NONE,NONE,NONE,NONE,"core","('er', 90), ('r', 90), ('perl-module-runtime', 72), ('perl-module-runtime-conflicts', 72)",NONE
"lm-utils","{'1.0'}",NONE,NONE,NONE,NONE,NONE,NONE,"core","('ima-evm-utils', 86), ('openspeedshop-utils', 86), ('perl-array-utils', 86), ('perl-scalar-list-utils', 86)",NONE
"mrxvt","{'0.5.4'}",NONE,NONE,NONE,NONE,NONE,NONE,"core","('r', 90), ('vt', 90), ('vdt', 72), ('vtk', 72)",NONE
"ops-tools","{'1.0.0', '2.0.0', '1.1.0'}",NONE,NONE,NONE,NONE,NONE,NONE,"core","('intel-gpu-tools', 86), ('libpressio-tools', 86), ('py-grpcio-tools', 86), ('py-mg-rast-tools', 86)",NONE
"pipe-gifts","{'1.0.0'}",NONE,NONE,NONE,NONE,NONE,NONE,"core","('ip', 90), ('itsx', 68), ('py-fs', 68), ('mpip', 64)",NONE
"pv","{'1.6.6'}",NONE,NONE,NONE,NONE,NONE,NONE,"core","('pv', 100), ('bumpversion', 90), ('pvm', 90), ('r-mapview', 90)",pv
"rcps-core","{'1.0.0'}",NONE,NONE,NONE,NONE,NONE,NONE,"core","('dotnet-core-sdk', 86), ('py-azure-cli-core', 86), ('py-azure-mgmt-core', 86), ('py-azureml-automl-core', 86)",NONE
"rlwrap","{'0.43'}",NONE,NONE,NONE,NONE,NONE,NONE,"core","('rlwrap', 100), ('r', 90), ('bubblewrap', 75), ('lwgrp', 73)",rlwrap
"screen","{'4.2.1', '4.8.0-ucl1'}",NONE,NONE,NONE,NONE,NONE,NONE,"core","('screen', 100), ('c', 90), ('fastq-screen', 90), ('r', 90)",screen
"singularity-env","{'1.0.0'}",NONE,NONE,NONE,NONE,NONE,NONE,"core","('singularity', 95), ('singularity-eos', 87), ('singularityce', 86), ('singularity-legacy', 81)",NONE
"userscripts","{'1.4.0', '1.1.0', '1.2.0', '1.0.0', '1.3.0'}",NONE,NONE,NONE,NONE,NONE,NONE,"core","('er', 90), ('ip', 90), ('scr', 90), ('scripts', 90)",NONE
"abaqus","{'2017'}",NONE,NONE,"{'intelmpi'}",NONE,NONE,"{'2017-intelmpi'}","applications","('abacus', 83), ('qucs', 77), ('r-gseabase', 66), ('bash', 60)",NONE
"abinit","{'9.6.2'}",NONE,NONE,NONE,NONE,"{'intel-2018-update3'}",NONE,"applications","('abinit', 100), ('bigdft-libabinit', 90), ('py-tensorflow-probability', 75), ('r-estimability', 75)",abinit
"adf","{'2014.10'}",NONE,NONE,NONE,NONE,NONE,NONE,"applications","('adf', 100), ('r-compquadform', 90), ('readfq', 90), ('cleverleaf', 72)",adf
"afni","{'20181011', '20151030', '22.2.05'}",NONE,NONE,NONE,NONE,NONE,NONE,"applications","('py-mizani', 77), ('py-pyani', 77), ('andi', 75), ('anicalculator', 68)",NONE
"amber","{'16', '14'}","{'mpi', 'openmp', 'serial'}",NONE,NONE,NONE,"{'intel-2015-update2', 'gnu-4.9.2'}",NONE,"applications","('amber', 100), ('er', 90), ('r', 90), ('ember', 80)",amber
"ansys","{'17.2', '19.1', '2019.r3', '2021.r2', '18.0'}",NONE,NONE,NONE,NONE,NONE,NONE,"applications","('nss', 75), ('linsys-v', 72), ('transset', 72), ('perl-sys-sigaction', 68)",NONE
"ants","{'2.1.0'}",NONE,NONE,NONE,NONE,NONE,NONE,"applications","('ants', 100), ('py-smartypants', 90), ('r-illumina450probevariants-db', 90), ('ant', 86)",ants
"approxwf",NONE,NONE,NONE,NONE,NONE,"{'gnu-4.9.2'}",NONE,"applications","('r', 90), ('proj', 68), ('haproxy', 67), ('arrow', 62)",NONE
"arrayfire","{'3.5.0'}",NONE,NONE,NONE,NONE,"{'gnu-4.9.2'}",NONE,"applications","('arrayfire', 100), ('ray', 90), ('rr', 90), ('irep', 77)",arrayfire
"asp","{'2.6.2'}",NONE,NONE,NONE,NONE,NONE,NONE,"applications","('aspcud', 90), ('aspect', 90), ('aspell', 90), ('aspell6-de', 90)",NONE
"autodock","{'4.2.6'}",NONE,NONE,NONE,NONE,NONE,NONE,"applications","('autodock-gpu', 90), ('autodock-vina', 90), ('c', 90), ('ck', 90)",NONE
"bamtools","{'2.4.0'}",NONE,NONE,NONE,NONE,"{'gnu-4.9.2'}",NONE,"applications","('bamtools', 100), ('samtools', 88), ('admixtools', 78), ('bcftools', 75)",bamtools
"bcftools","{'1.2', '1.11', '1.3.1', '2.1'}",NONE,NONE,NONE,NONE,"{'gnu-4.9.2'}",NONE,"applications","('bcftools', 100), ('bc', 90), ('c', 90), ('vcftools', 88)",bcftools
"bcl2fastq","{'1.8.4'}",NONE,NONE,NONE,NONE,NONE,NONE,"applications","('bcl2fastq2', 95), ('bc', 90), ('fastqc', 82), ('fasta', 72)",NONE
"bcl2fastq2","{'2.19.1', '2.20.0-rpm'}",NONE,NONE,NONE,NONE,NONE,NONE,"applications","('bcl2fastq2', 100), ('bc', 90), ('fastqc', 75), ('fasta', 72)",bcl2fastq2
"beast","{'2.3.0'}",NONE,NONE,NONE,NONE,NONE,NONE,"applications","('beast1', 91), ('beast2', 91), ('beast-tracer', 90), ('bat', 75)",NONE
"bedtools","{'2.25.0'}",NONE,NONE,NONE,NONE,NONE,NONE,"applications","('bedtools2', 94), ('ed', 90), ('py-pybedtools', 90), ('reditools', 82)",NONE
"bgen","{'1.1.4'}",NONE,NONE,NONE,NONE,NONE,NONE,"applications","('py-pybind11-stubgen', 90), ('aegean', 68), ('alpgen', 68), ('autogen', 68)",NONE
"blast","{'2.2.26'}",NONE,NONE,NONE,NONE,NONE,NONE,"applications","('blast-legacy', 90), ('blast-plus', 90), ('blast2go', 90), ('graphblast', 90)",NONE
"blast+","{'2.13.0', '2.2.30'}",NONE,NONE,NONE,NONE,"{'gnu-7.3.0', 'intel-2015-update2'}",NONE,"applications","('blast-legacy', 90), ('blast-plus', 90), ('blast2go', 90), ('graphblast', 90)",NONE
"blender","{'2.79'}",NONE,NONE,NONE,NONE,NONE,NONE,"applications","('er', 90), ('r', 90), ('libxrender', 71), ('erne', 68)",NONE
"boltztrap","{'1.2.5'}",NONE,NONE,NONE,NONE,"{'intel-2018'}",NONE,"applications","('bolt', 90), ('amp', 72), ('ape', 72), ('apr', 72)",NONE
"bowtie","{'1.1.2'}",NONE,NONE,NONE,NONE,NONE,NONE,"applications","('bowtie', 100), ('bowtie2', 92), ('wt', 90), ('time', 77)",bowtie
"bowtie2","{'2.2.5'}",NONE,NONE,NONE,NONE,NONE,NONE,"applications","('bowtie2', 100), ('bowtie', 92), ('wt', 90), ('bolt', 68)",bowtie2
"bwa","{'0.7.12', '0.6.2'}",NONE,NONE,NONE,NONE,"{'gnu-4.9.2'}",NONE,"applications","('bwa', 100), ('py-numba', 72), ('r-irlba', 72), ('bat', 67)",bwa
"caffe","{'1.0'}",NONE,"{'cpu', 'gpu'}",NONE,NONE,"{'cudnn'}",NONE,"applications","('caffe', 100), ('c', 90), ('feh', 72), ('r-affyexpress', 72)",caffe
"cancerit","{'20190218'}",NONE,NONE,"{'python-2.7.12'}","{'recommended'}","{'gnu-4.9.2'}","{'20190218-python-2.7.12'}","bundles","('c', 90), ('er', 90), ('r', 90), ('itk', 72)",NONE
"castep","{'17.21', '17.2', '19.1.1'}",NONE,NONE,NONE,NONE,"{'intel-2017', 'intel-2019'}",NONE,"applications","('c', 90), ('fastp', 73), ('steps', 73), ('hazelcast', 72)",NONE
"cctools","{'7.0.11', '5.4.1'}",NONE,NONE,NONE,NONE,"{'gnu-4.9.2'}",NONE,"applications","('cctools', 100), ('c', 90), ('bcftools', 80), ('vcftools', 80)",cctools
"cdo","{'2.0.6'}",NONE,NONE,NONE,NONE,"{'gnu-10.2.0'}",NONE,"applications","('cdo', 100), ('c', 90), ('py-cdo', 90), ('busco', 72)",cdo
"cellranger","{'6.0.1', '5.0.1'}",NONE,NONE,NONE,NONE,NONE,NONE,"applications","('r-cellranger', 95), ('er', 90), ('ragel', 72), ('slang', 72)",NONE
"cesm","{'1.2.2', '1.0.6'}",NONE,NONE,NONE,NONE,"{'intel-2015-update2'}",NONE,"applications","('c', 90), ('biopieces', 77), ('dataspaces', 77), ('nekcem', 77)",NONE
"cfd-ace","{'2014.1', '2018.0'}",NONE,NONE,NONE,NONE,NONE,NONE,"applications","('ace', 90), ('c', 90), ('fd', 90), ('f3d', 68)",NONE
"chemshell","{'3.7.1'}","{'mpi', 'standalone'}",NONE,"{'gulp4.5'}",NONE,NONE,NONE,"applications","('es-shell', 71), ('ebms', 68), ('gmsh', 68), ('mash', 68)",NONE
"clustal-omega","{'1.2.1'}",NONE,NONE,NONE,NONE,NONE,NONE,"applications","('clustal-omega', 100), ('omega-h', 86), ('clustalw', 79), ('ccls', 68)",clustal-omega
"clustal-w","{'2.1'}",NONE,NONE,NONE,NONE,NONE,NONE,"applications","('clustalw', 94), ('clustal-omega', 84), ('ccls', 68), ('cups', 68)",NONE
"cmg","{'2017.101', '2018.101', '2019.101'}",NONE,NONE,NONE,NONE,NONE,NONE,"applications","('c', 90), ('mg', 90), ('comgr', 75), ('py-hpccm', 72)",NONE
"collectl","{'4.0.2'}",NONE,NONE,NONE,NONE,NONE,NONE,"applications","('c', 90), ('collectd', 88), ('pmgr-collective', 79), ('py-debtcollector', 79)",NONE
"compucell3d","{'3.7.4'}",NONE,NONE,NONE,NONE,NONE,NONE,"applications","('aomp', 68), ('camp', 68), ('colm', 68), ('comd', 68)",NONE
"comsol","{'56', '52', '6.0', '52a', '53a'}",NONE,NONE,NONE,NONE,NONE,NONE,"applications","('c', 90), ('cool', 80), ('solr', 77), ('console-bridge', 75)",NONE
"cosi-corr","{'oct14'}",NONE,NONE,NONE,NONE,NONE,NONE,"applications","('osi', 90), ('rr', 90), ('cmor', 68), ('cosign', 68)",NONE
"covid-19-spatial-sim","{'0.15.0', '0.9.0', '0.8.0', '0.13.0', '0.14.0'}",NONE,NONE,NONE,NONE,"{'gnu-4.9.2', 'intel-2020'}",NONE,"applications","('r-spatial', 86), ('sparta', 75), ('pasta', 72), ('spath', 72)",NONE
"cp2k","{'7.1', '6.1', '5.1', '4.1'}","{'plumed'}",NONE,"{'ompi'}",NONE,"{'gnu-4.9.2'}","{'ompi-plumed'}","applications","('cp2k', 100), ('c', 90), ('ck', 67), ('cosp2', 67)",cp2k
"cpmd","{'4.1'}",NONE,NONE,NONE,NONE,"{'intel-2017'}",NONE,"applications","('cpmd', 100), ('c', 90), ('py-s3cmd', 77), ('comd', 75)",cpmd
"crystal14","{'v1.0.4', 'v1.0.3', 'v1.0.4_2017'}",NONE,NONE,NONE,NONE,NONE,NONE,"applications","('rust', 68), ('seal', 68), ('star', 68), ('stat', 68)",NONE
"crystal17","{'v1.0.1', 'v1.0.2'}",NONE,NONE,NONE,NONE,"{'intel-2017'}",NONE,"applications","('rust', 68), ('seal', 68), ('star', 68), ('stat', 68)",NONE
"cuba","{'4.2'}",NONE,NONE,NONE,NONE,"{'gnu-4.9.2'}",NONE,"applications","('cuba', 100), ('c', 90), ('r-cubature', 90), ('cub', 86)",cuba
"cufflinks","{'2.2.1'}",NONE,NONE,NONE,NONE,NONE,NONE,"applications","('cufflinks', 100), ('fl', 90), ('flink', 90), ('flint', 72)",cufflinks
"curl","{'7.86.0', '7.47.1'}",NONE,NONE,NONE,NONE,"{'gnu-4.9.2'}",NONE,"applications","('curl', 100), ('c', 90), ('py-pycurl', 90), ('r', 90)",curl
"dakota","{'6.12.0'}","{'bindist'}",NONE,NONE,NONE,NONE,"{'6.12.0-bindist'}","applications","('dakota', 100), ('octa', 77), ('poppler-data', 72), ('py-guidata', 72)",dakota
"datamash","{'1.4'}",NONE,NONE,NONE,NONE,NONE,NONE,"applications","('datamash', 100), ('mash', 90), ('shc', 72), ('damask', 71)",datamash
"deeptools","{'3.0.2'}",NONE,NONE,NONE,NONE,NONE,NONE,"applications","('py-deeptools', 95), ('py-deeptoolsintervals', 90), ('rdptools', 82), ('pktools', 75)",NONE
"delly","{'0.7.8'}","{'bindist'}",NONE,NONE,NONE,NONE,"{'0.7.8-bindist'}","applications","('delly2', 91), ('damselfly', 72), ('jellyfish', 72), ('py-jellyfish', 72)",NONE
"dftbplus","{'d07f92e', '17.1', '19.1', '18.2', 'dev'}",NONE,NONE,NONE,NONE,"{'intel-2017', 'intel-2018'}",NONE,"applications","('dftbplus', 100), ('py-pydotplus', 72), ('ctpl', 68), ('lftp', 68)",dftbplus
"dl_monte","{'2.07'}",NONE,NONE,NONE,NONE,"{'intel-2018'}",NONE,"applications","('lemon', 72), ('lmod', 68), ('mono', 68), ('montage', 67)",NONE
"dl_poly","{'4.07', '5.0.0', '4.08', '4.09', '4.10.0', '1.9'}","{'plumed-2.3.1', 'classic'}",NONE,NONE,NONE,"{'intel-2017', 'intel-2015-update2', 'intel-2018'}","{'4.08-plumed-2.3.1'}","applications","('pocl', 68), ('delly2', 62), ('ntpoly', 62), ('clp', 60)",NONE
"dock","{'6.9'}","{'reference'}",NONE,"{'impi'}",NONE,"{'gnu-4.9.2', 'intel-2018'}","{'6.9-reference', '6.9-impi'}","applications","('dock', 100), ('autodock-gpu', 90), ('autodock-vina', 90), ('c', 90)",dock
"dos2unix","{'7.3'}",NONE,NONE,NONE,NONE,NONE,NONE,"applications","('dos2unix', 100), ('nix', 90), ('dcm2niix', 62), ('cdo', 60)",dos2unix
"dssp","{'3.0.0'}",NONE,NONE,NONE,NONE,"{'gnu-4.9.2'}",NONE,"applications","('dssp', 100), ('ds', 90), ('sp', 90), ('speexdsp', 77)",dssp
"dymola","{'2020.1-1'}",NONE,NONE,NONE,NONE,NONE,NONE,"applications","('lua', 72), ('jmol', 68), ('moab', 68), ('molcas', 67)",NONE
"ea-utils","{'822'}",NONE,NONE,NONE,NONE,NONE,NONE,"applications","('ea-utils', 100), ('ima-evm-utils', 86), ('openspeedshop-utils', 86), ('perl-array-utils', 86)",ea-utils
"easylausanne","{'55c7bf0'}",NONE,NONE,NONE,NONE,NONE,NONE,"applications","('easi', 68), ('fann', 68), ('last', 68), ('spla', 68)",NONE
"eigensoft","{'6.1.1'}",NONE,NONE,NONE,NONE,"{'gnu-4.9.2'}",NONE,"applications","('eigen', 90), ('fmt', 72), ('ftk', 72), ('fxt', 72)",NONE
"elk","{'5.2.14', '6.8.4', '4.0.15', '4.3.6'}",NONE,NONE,NONE,NONE,"{'intel-2017+wa', 'intel-2018+wa', 'intel-2018', 'intel-2017'}",NONE,"applications","('elk', 100), ('strelka', 90), ('apfel', 72), ('bazel', 72)",elk
"energyplus","{'9.1.0', '8.9.0'}","{'bindist'}",NONE,NONE,NONE,NONE,"{'8.9.0-bindist', '9.1.0-bindist'}","applications","('energyplus', 100), ('er', 90), ('erne', 68), ('gptl', 68)",energyplus
"envi","{'5.5.3', '5.5.2'}",NONE,NONE,NONE,NONE,NONE,NONE,"applications","('environment-modules', 90), ('py-envisage', 90), ('py-md-environ', 90), ('direnv', 77)",NONE
"epacts","{'3.3.0'}",NONE,NONE,NONE,NONE,"{'gnu-4.9.2'}",NONE,"applications","('acts', 90), ('c', 90), ('py-geneimpacts', 75), ('repeatscout', 75)",NONE
"examl","{'8dcf2cc'}",NONE,NONE,NONE,NONE,"{'gnu-4.9.2'}",NONE,"applications","('examl', 100), ('aml', 90), ('exa', 90), ('r-rnexml', 80)",examl
"exonerate","{'2.2.0'}",NONE,NONE,NONE,NONE,NONE,NONE,"applications","('exonerate', 100), ('er', 90), ('exonerate-gff3', 90), ('ratel', 80)",exonerate
"fasta","{'36.3.8d'}",NONE,NONE,NONE,NONE,"{'gnu-4.9.2'}",NONE,"applications","('fasta', 100), ('any2fasta', 90), ('cdbfasta', 90), ('py-fastai', 90)",fasta
"fastqc","{'0.11.5', '0.11.8'}",NONE,NONE,NONE,NONE,NONE,NONE,"applications","('fastqc', 100), ('c', 90), ('bcl2fastq2', 75), ('fastq-screen', 75)",fastqc
"ffmpeg","{'4.1'}",NONE,NONE,NONE,NONE,"{'gnu-4.9.2'}",NONE,"applications","('ffmpeg', 100), ('py-imageio-ffmpeg', 90), ('mpe2', 68), ('fimpute', 62)",ffmpeg
"fgbio","{'0.5.1', '0.6.1'}",NONE,NONE,NONE,NONE,NONE,NONE,"applications","('fio', 75), ('ico', 72), ('ior', 72), ('py-deepsig-biocomp', 72)",NONE
"figtree","{'1.4.2'}",NONE,NONE,NONE,NONE,NONE,NONE,"applications","('figtree', 100), ('r', 90), ('tree', 90), ('eem', 72)",figtree
"foldx","{'4', '5'}",NONE,NONE,NONE,NONE,NONE,NONE,"applications","('py-alphafold', 80), ('randfold', 80), ('fox', 75), ('py-mxfold2', 72)",NONE
"freesurfer","{'6.0.0', '5.3.0', '7.2.0'}",NONE,NONE,NONE,NONE,NONE,NONE,"applications","('freesurfer', 100), ('er', 90), ('memsurfer', 74), ('freefem', 71)",freesurfer
"fsl","{'6.0.0', '5.0.10', '5.0.9', '6.0.4'}",NONE,NONE,"{'cuda'}",NONE,NONE,"{'6.0.0_cuda'}","applications","('fsl', 100), ('fslsfonts', 90), ('sl', 90), ('fgsl', 86)",fsl
"gamess","{'5Dec2014_R1'}",NONE,NONE,NONE,NONE,"{'intel-2015-update2'}",NONE,"applications","('gamess-ri-mp2-miniapp', 90), ('gams', 80), ('essl', 77), ('r-gamlss-data', 75)",NONE
"gatk","{'4.0.8.0', '4.2.5.0', '3.4.46', '3.8.0', '4.2.1.0', '4.0.3.0'}",NONE,NONE,NONE,NONE,NONE,NONE,"applications","('gatk', 100), ('tk', 90), ('atk', 86), ('py-pygtk', 77)",gatk
"gaussian","{'g16-a03', 'g09-d01', 'g16-c01', 'g09-c01', 'g09-c01_linda'}",NONE,NONE,NONE,NONE,"{'pgi-2018.10', 'pgi-2015.4', 'pgi-2015.7', 'pgi-2013.9', 'pgi-2016.5'}",NONE,"applications","('gaussian', 100), ('gaussian-src', 90), ('gaussian-view', 90), ('ant', 72)",gaussian
"gcta","{'1.93.2beta'}",NONE,NONE,NONE,NONE,NONE,NONE,"applications","('gcta', 100), ('c', 90), ('libgta', 77), ('octa', 75)",gcta
"gdal","{'2.1.1', '2.1.4', '3.0.4', '2.0.0'}",NONE,NONE,NONE,NONE,"{'gnu-4.9.2'}",NONE,"applications","('gdal', 100), ('py-pygdal', 90), ('r-gdalutilities', 90), ('r-gdalutils', 90)",gdal
"gephi","{'0.9.1'}",NONE,NONE,NONE,NONE,NONE,NONE,"applications","('hip', 72), ('grep', 67), ('graphlib', 62), ('graphviz', 62)",NONE
"ghostscript","{'9.19', '9.16'}",NONE,NONE,NONE,NONE,"{'gnu-4.9.2'}",NONE,"applications","('ghostscript', 100), ('gh', 90), ('ghost', 90), ('ghostscript-fonts', 90)",ghostscript
"gmsh","{'2.12.0'}","{'bindist'}",NONE,NONE,NONE,NONE,"{'2.12.0-bindist'}","applications","('gmsh', 100), ('gams', 75), ('mash', 75), ('mosh', 75)",gmsh
"gmt","{'old', '5.1.2', '5.3.1', 'new', '5.4.5'}",NONE,NONE,NONE,"{'recommended'}",NONE,NONE,"bundles","('gmt', 100), ('gmtsar', 90), ('py-azure-mgmt-advisor', 90), ('py-azure-mgmt-batch', 90)",gmt
"gnuplot","{'5.0.1'}",NONE,NONE,NONE,NONE,NONE,NONE,"applications","('gnuplot', 100), ('py-gnuplot', 95), ('ruby-gnuplot', 90), ('pgplot', 77)",gnuplot
"grace","{'5.1.25'}",NONE,NONE,NONE,NONE,NONE,NONE,"applications","('grace', 100), ('ace', 90), ('c', 90), ('r', 90)",grace
"graphicsmagick","{'1.3.21'}",NONE,NONE,NONE,NONE,NONE,NONE,"applications","('graphicsmagick', 100), ('ck', 90), ('giraph', 75), ('igraph', 75)",graphicsmagick
"graphviz","{'2.40.1', '2.38.0'}",NONE,NONE,NONE,NONE,"{'gnu-4.9.2'}",NONE,"applications","('graphviz', 100), ('py-graphviz', 95), ('py-pygraphviz', 90), ('r', 90)",graphviz
"groff","{'1.22.3'}",NONE,NONE,NONE,NONE,"{'gnu-4.9.2'}",NONE,"applications","('groff', 100), ('r', 90), ('igprof', 73), ('rocfft', 73)",groff
"gromacs","{'2021.3', '2018', '2016.3', '5.1.1', '5.1.3', '2018.2', '5.0.4', '2018.3', '2019.3', '2016.4'}","{'plumed'}",NONE,NONE,NONE,"{'intel-2018', 'gnu-10.2.0', 'intel-2017-update1', 'intel-2017', 'cuda-10', 'intel-2015-update2'}",NONE,"applications","('gromacs', 100), ('c', 90), ('gromacs-chain-coordinate', 90), ('gromacs-swaxs', 90)",gromacs
"gulp","{'4.5', '5.1.1'}",NONE,NONE,"{'libgulp'}",NONE,"{'intel-2018'}",NONE,"libraries","('glpk', 75), ('glproto', 68), ('gnuplot', 68), ('libcumlprims', 68)",NONE
"gurobi","{'7.5.1', '8.1.1', '9.1.2'}",NONE,NONE,NONE,NONE,NONE,NONE,"applications","('gurobi', 100), ('r', 90), ('bmi', 72), ('grabix', 67)",gurobi
"h5utils","{'1.12.1'}",NONE,NONE,NONE,NONE,NONE,NONE,"applications","('h5utils', 100), ('heputils', 80), ('py-backports-shutil-get-terminal-size', 74), ('lsf', 72)",h5utils
"hammock","{'1.0.5'}",NONE,NONE,NONE,NONE,NONE,NONE,"applications","('c', 90), ('ck', 90), ('dock', 68), ('hama', 68)",NONE
"hhsuite","{'3.0-beta.1'}",NONE,NONE,NONE,NONE,"{'gnu-4.9.2'}",NONE,"applications","('hh-suite', 93), ('pbsuite', 71), ('luit', 68), ('vite', 68)",NONE
"hmmer","{'3.1b2'}",NONE,NONE,NONE,NONE,NONE,NONE,"applications","('hmmer', 100), ('er', 90), ('perl-bio-searchio-hmmer', 90), ('r', 90)",hmmer
"hmri","{'spm12.jan2020', '0.4.0'}",NONE,NONE,NONE,NONE,NONE,NONE,"applications","('r', 90), ('amrfinder', 68), ('amrvis', 68), ('benchmark', 68)",NONE
"hoomd-blue","{'2.4.2'}",NONE,NONE,NONE,NONE,NONE,NONE,"applications","('hoomd-blue', 100), ('comd', 68), ('lmdb', 68), ('aom', 60)",hoomd-blue
"hopspack","{'2.0.2'}",NONE,NONE,NONE,NONE,"{'intel-2017', 'gnu-4.9.2'}",NONE,"applications","('ack', 90), ('c', 90), ('ck', 90), ('sp', 90)",NONE
"icommands","{'4.1.7'}",NONE,NONE,NONE,NONE,NONE,NONE,"applications","('ds', 90), ('ico', 90), ('py-azure-cli-command-modules-nspkg', 80), ('cohmm', 72)",NONE
"idl","{'8.4.1', '8.8.3', '8.7.3'}",NONE,NONE,NONE,NONE,NONE,NONE,"applications","('idl', 100), ('gridlab-d', 90), ('libidl', 90), ('acpid', 72)",idl
"illustrate","{'20190807'}",NONE,NONE,NONE,NONE,NONE,NONE,"applications","('ratel', 80), ('lustre', 75), ('strace', 75), ('astra', 72)",NONE
"impute2","{'2.3.2'}",NONE,NONE,NONE,NONE,NONE,NONE,"applications","('impute2', 100), ('imp', 90), ('fimpute', 86), ('iproute2', 80)",impute2
"inetutils","{'1.9.4'}",NONE,NONE,NONE,NONE,NONE,NONE,"applications","('tut', 90), ('binutils', 82), ('coinutils', 78), ('findutils', 78)",NONE
"intltool","{'0.51.0'}",NONE,NONE,NONE,NONE,NONE,NONE,"applications","('intltool', 100), ('ntl', 90), ('itstool', 80), ('qtltools', 75)",intltool
"iva","{'1.0.0', '0.11.6'}",NONE,NONE,NONE,NONE,NONE,NONE,"applications","('efivar', 90), ('py-azure-mgmt-privatedns', 90), ('r-survival', 90), ('camellia', 72)",NONE
"jags","{'4.2.0', '3.4.0'}",NONE,NONE,"{'openblas', 'atlas'}",NONE,"{'gnu.4.9.2'}","{'gnu.4.9.2-atlas', 'gnu.4.9.2-openblas'}","applications","('jags', 100), ('r-rjags', 90), ('r-runjags', 90), ('args', 75)",jags
"jq","{'1.6', '1.5'}","{'bindist'}",NONE,NONE,NONE,"{'gnu-4.9.2'}","{'1.6-bindist'}","applications","('jq', 100), ('r-jquerylib', 90), ('neo4j', 60), ('proj', 60)",jq
"kallisto","{'v0.42.5', 'v0.46.1'}",NONE,NONE,NONE,NONE,NONE,NONE,"applications","('kallisto', 100), ('lis', 90), ('istio', 80), ('stow', 77)",kallisto
"keras","{'2.2.4'}",NONE,NONE,NONE,NONE,NONE,NONE,"applications","('er', 90), ('py-keras', 90), ('py-keras-applications', 90), ('py-keras-preprocessing', 90)",NONE
"kmc","{'2.1.1'}",NONE,NONE,NONE,NONE,"{'gnu-4.9.2'}",NONE,"applications","('c', 90), ('mc', 90), ('mcl', 67), ('mpc', 67)",NONE
"knitro","{'12.4.0', '12.0.0'}",NONE,NONE,NONE,NONE,"{'gnu-4.9.2'}",NONE,"applications","('r', 90), ('r-knitr', 77), ('kineto', 67), ('libmonitor', 66)",NONE
"lammps","{'13Apr17', '8Dec15', '10Feb15', '3Mar20', '7Aug19', '16Mar18'}","{'basic', 'plumed', 'colvars'}","{'gpu'}",NONE,NONE,"{'intel-2018', 'intel-2017', 'intel-2015-update2', 'userintel'}","{'plumed-colvars'}","applications","('lammps', 100), ('mumps', 73), ('psm', 72), ('ampl', 68)",lammps
"lynx","{'2.8.9'}",NONE,NONE,NONE,NONE,NONE,NONE,"applications","('lynx', 100), ('r-polynom', 68), ('rkt-dynext-lib', 68), ('ntpoly', 60)",lynx
"mathematica","{'10.1.0', '10.2.0', '13.1.0', '11.3.0', '11.0.1', '11.2.0', '10.4.0', '12.2.0'}",NONE,NONE,NONE,NONE,NONE,NONE,"applications","('mathematica', 100), ('athena', 75), ('matio', 72), ('atmi', 68)",mathematica
"matlab","{'9.4', '8.6', 'r2021a', '9.10', 'r2017a', '9.7', 'r2015b', 'r2018b', '9.5', '8.5', 'r2018a', 'r2019b', '9.1', 'r2015a', 'r2016b', '9.2'}","{'full'}",NONE,NONE,NONE,NONE,NONE,"applications","('matlab', 100), ('r-matlab', 95), ('bigdft-atlab', 75), ('atlas', 73)",matlab
"mcl","{'14-137'}",NONE,NONE,NONE,NONE,NONE,NONE,"applications","('mcl', 100), ('c', 90), ('mc', 90), ('orthomcl', 90)",mcl
"meep","{'1.11.0', '1.3'}",NONE,NONE,"{'ompi'}",NONE,"{'gnu-4.9.2'}","{'1.3-ompi', '1.11.0-ompi'}","applications","('meep', 100), ('py-python-meep', 90), ('meme', 75), ('chameleon', 68)",meep
"meme","{'4.10.1_4'}",NONE,NONE,NONE,NONE,NONE,NONE,"applications","('meme', 100), ('nvshmem', 77), ('py-cymem', 77), ('meep', 75)",meme
"mgltools","{'1.5.6'}",NONE,NONE,NONE,NONE,NONE,NONE,"applications","('mg', 90), ('py-onnxmltools', 84), ('bamtools', 75), ('igvtools', 75)",NONE
"mirdeep","{'2.0.0.7'}",NONE,NONE,NONE,NONE,NONE,NONE,"applications","('mirdeep2', 93), ('r', 90), ('irep', 73), ('meep', 73)",NONE
"molden","{'5.2.2'}",NONE,NONE,NONE,NONE,NONE,NONE,"applications","('molden', 100), ('modern-wheel', 75), ('turbomole', 72), ('guacamole-client', 68)",molden
"molpro","{'2012.1.25', '2015.1.5', '2015.1.3', '2020.1'}","{'openmp'}",NONE,NONE,NONE,"{'intel-2015-update2', 'gnu-4.9.2'}",NONE,"applications","('r', 90), ('proj', 77), ('jmol', 68), ('solr', 68)",NONE
"mosek","{'9.1.12'}",NONE,NONE,NONE,NONE,NONE,NONE,"applications","('elk', 72), ('perl-moose', 72), ('py-mouseinfo', 72), ('py-sacremoses', 72)",NONE
"mothur","{'1.41.3'}","{'bindist'}",NONE,NONE,NONE,NONE,"{'1.41.3-bindist'}","applications","('mothur', 100), ('r', 90), ('mosh', 68), ('r-kernsmooth', 66)",mothur
"mpb","{'1.5', '1.9.0'}",NONE,NONE,"{'hdf5', 'ompi'}",NONE,"{'gnu-4.9.2'}","{'1.5-ompi', '1.9.0-hdf5-ompi'}","applications","('advancecomp', 72), ('apcomp', 72), ('assimp', 72), ('bgpdump', 72)",NONE
"mrbayes","{'3.2.5'}","{'mpi', 'serial'}",NONE,NONE,NONE,"{'intel-2015-update2'}",NONE,"applications","('mrbayes', 100), ('r', 90), ('r-bayesm', 80), ('revbayes', 80)",mrbayes
"mrtrix","{'0.3.12', '3.0rc3', '0.3.16'}","{'nogui'}",NONE,NONE,NONE,"{'gnu-4.9.2'}",NONE,"applications","('mrtrix3', 92), ('r', 90), ('perl-math-matrixreal', 75), ('r-delayedmatrixstats', 75)",NONE
"mstor","{'2013'}",NONE,NONE,NONE,NONE,"{'gnu-4.9.2'}",NONE,"applications","('r', 90), ('storm', 80), ('jstorm', 73), ('muster', 73)",NONE
"mumax","{'3.10', '3.9.3'}","{'bindist'}",NONE,NONE,NONE,NONE,"{'3.10-bindist'}","applications","('mumax', 100), ('axl', 72), ('madx', 67), ('memaxes', 67)",mumax
"mummer","{'3.23'}",NONE,NONE,NONE,NONE,"{'gnu-4.9.2'}",NONE,"applications","('mummer', 100), ('mummer4', 92), ('er', 90), ('r', 90)",mummer
"muscle","{'3.8.31'}",NONE,NONE,NONE,NONE,NONE,NONE,"applications","('muscle', 100), ('c', 90), ('muse', 80), ('musl', 80)",muscle
"mutect","{'1.1.7'}",NONE,NONE,NONE,NONE,NONE,NONE,"applications","('c', 90), ('r-permute', 72), ('muse', 68), ('must', 68)",NONE
"namd","{'2.14', '2.13', '2.11', '2.10', '2.12'}","{'ofi', 'multicore', 'smp', 'plumed'}","{'gpu'}",NONE,NONE,"{'intel-2018-update3', 'intel-2019', 'intel-2015-update2', 'intel-2017-update1'}","{'multicore-gpu', 'ofi-smp-gpu', 'ofi-smp'}","applications","('namd', 100), ('nasm', 75), ('amd-aocl', 68), ('amdblis', 68)",namd
"nco","{'4.5.0'}",NONE,NONE,NONE,NONE,NONE,NONE,"applications","('nco', 100), ('c', 90), ('libqrencode', 90), ('motioncor2', 90)",nco
"nektar++","{'4.3.5'}",NONE,NONE,"{'ompi', 'impi'}",NONE,"{'gnu-4.9.2', 'intel-2017-update1'}","{'4.3.5-ompi', '4.3.5-impi'}","applications","('nektar', 100), ('r', 90), ('tar', 90), ('nekrs', 73)",nektar
"ngsutils","{'0.5.9'}",NONE,NONE,NONE,NONE,NONE,NONE,"applications","('nfs-utils', 82), ('binutils', 75), ('usbutils', 75), ('lsf', 72)",NONE
"nighres","{'1.1.0b'}",NONE,NONE,NONE,NONE,NONE,NONE,"applications","('gh', 90), ('r', 90), ('grep', 68), ('bigreqsproto', 64)",NONE
"nonmem","{'7.3.0'}",NONE,NONE,NONE,NONE,"{'intel-2015-update2', 'gnu-4.9.2'}",NONE,"applications","('meme', 77), ('mfem', 77), ('py-python-memcached', 75), ('cnmem', 73)",NONE
"novocraft","{'3.04.06'}",NONE,NONE,NONE,NONE,NONE,NONE,"applications","('raft', 90), ('fmt', 72), ('ftk', 72), ('fxt', 72)",NONE
"nwchem","{'6.8-47-gdf6c956', '6.5-r26243', '6.6-r27746'}",NONE,NONE,"{'atlas'}",NONE,"{'intel-2017', 'intel-2015-update2'}",NONE,"applications","('nwchem', 100), ('c', 90), ('py-fastjsonschema', 75), ('py-jsonschema', 75)",nwchem
"oasislmf","{'3.9.5', 'f92a41f', '3.0.3', '1.2.4', '3.4.1', '1.26.3'}",NONE,NONE,"{'ktools'}",NONE,"{'gnu-4.9.2'}",NONE,"applications","('isl', 90), ('sl', 90), ('srilm', 72), ('asio', 68)",NONE
"octave","{'4.4.1'}",NONE,NONE,NONE,"{'recommended'}",NONE,NONE,"bundles","('octave', 100), ('c', 90), ('octa', 90), ('octave-arduino', 90)",octave
"octopus","{'6.0', '4.1.2', '5.0.1'}",NONE,NONE,"{'ompi', 'impi'}",NONE,"{'intel-2015-update2', 'gnu-4.9.2'}","{'4.1.2-impi', '5.0.1-ompi', '6.0-ompi'}","applications","('octopus', 100), ('c', 90), ('opus', 90), ('atop', 68)",octopus
"openbabel","{'2.4.1'}",NONE,NONE,NONE,NONE,"{'gnu-4.9.2'}",NONE,"applications","('openbabel', 100), ('openpa', 75), ('py-nibabel', 74), ('bazel', 72)",openbabel
"opencv","{'2.4.13', '3.4.1'}",NONE,NONE,NONE,NONE,"{'gnu-4.9.2'}",NONE,"applications","('opencv', 100), ('c', 90), ('openmc', 83), ('openvdb', 77)",opencv
"openfoam","{'2.4.0', '7.20200120', '2.3.1'}",NONE,NONE,NONE,NONE,"{'gnu-7.3.0', 'intel-2015-update2', 'intel-2017-update1'}",NONE,"applications","('openfoam', 100), ('openfoam-org', 90), ('openfast', 75), ('amg', 72)",openfoam
"openfoamplus","{'v2112', 'v1906', 'v1706'}",NONE,NONE,NONE,NONE,"{'gnu-7.3.0', 'gnu-4.9.2', 'gnu-7.3.0-64'}",NONE,"applications","('amp', 90), ('ampl', 90), ('mpl', 90), ('openfoam', 90)",NONE
"openmm","{'7.3.1'}",NONE,NONE,NONE,NONE,"{'cuda-10', 'gnu-4.9.2'}",NONE,"applications","('openmm', 100), ('openmc', 83), ('openmx', 83), ('openmpi', 77)",openmm
"openmx","{'3.8.3'}",NONE,NONE,NONE,NONE,NONE,NONE,"applications","('openmx', 100), ('opendx', 83), ('openmc', 83), ('openmm', 83)",openmx
"optimet","{'1.0.1'}",NONE,NONE,NONE,NONE,"{'gnu-4.9.2'}",NONE,"applications","('time', 90), ('py-nanotime', 75), ('icet', 68), ('pism', 68)",NONE
"orca","{'4.2.1'}","{'bindist'}",NONE,NONE,NONE,"{'gnu-4.9.2'}","{'4.2.1-bindist'}","applications","('orca', 100), ('c', 90), ('r', 90), ('r-forcats', 90)",orca
"p7zip","{'15.09', '16.02'}",NONE,NONE,NONE,NONE,"{'gnu-4.9.2'}",NONE,"applications","('p7zip', 100), ('ip', 90), ('zip', 90), ('7zip', 89)",p7zip
"pandoc","{'1.19.2.1'}",NONE,NONE,NONE,NONE,NONE,NONE,"applications","('pandoc', 100), ('c', 90), ('py-pandocfilters', 90), ('dock', 77)",pandoc
"parallel","{'20181122'}",NONE,NONE,NONE,NONE,NONE,NONE,"applications","('parallel', 100), ('aws-parallelcluster', 90), ('intel-parallel-studio', 90), ('parallel-netcdf', 90)",parallel
"paraview","{'5.10.1', '5.3.0'}",NONE,NONE,NONE,NONE,NONE,NONE,"applications","('paraview', 100), ('r', 90), ('paraver', 80), ('ravel', 72)",paraview
"parmed","{'3.2.0'}",NONE,NONE,NONE,NONE,NONE,NONE,"applications","('ed', 90), ('med', 90), ('py-parmed', 90), ('r', 90)",NONE
"petsc","{'3.12.1'}",NONE,NONE,NONE,NONE,"{'gnu-4.9.2'}",NONE,"applications","('petsc', 100), ('c', 90), ('py-petsc4py', 90), ('petaca', 73)",petsc
"phon","{'1.43', '1.39'}",NONE,NONE,NONE,NONE,"{'gnu-4.9.2'}",NONE,"applications","('py-phonenumbers', 90), ('py-phonopy', 90), ('typhon', 90), ('typhonio', 90)",NONE
"picard-tools","{'1.136', '2.18.9'}",NONE,NONE,NONE,NONE,NONE,NONE,"applications","('picard', 90), ('or-tools', 86), ('acpica-tools', 83), ('r-gtools', 79)",NONE
"platypus","{'3e72641'}",NONE,NONE,NONE,NONE,NONE,NONE,"applications","('platypus', 100), ('atop', 68), ('blat', 68), ('last', 68)",platypus
"plink","{'1.07', '2.0alpha', '1.90b3.40'}","{'git'}",NONE,NONE,NONE,NONE,"{'2.0alpha-git'}","applications","('plink', 100), ('plink-ng', 90), ('flink', 80), ('abi-compliance-checker', 72)",plink
"plumed","{'2.5.2', '2.4.3', '2.2', '2.3.1', '2.4.1', '2.1.2', '2.2.3', '2.6.0', '2.7.2'}",NONE,NONE,NONE,NONE,"{'intel-2017-update4', 'intel-2018', 'gnu-10.2.0', 'intel-2017-update1', 'intel-2015-update2', 'gnu-4.9.2', 'intel-2020'}",NONE,"applications","('plumed', 100), ('ed', 90), ('med', 90), ('flume', 73)",plumed
"poppler","{'22.10.0'}",NONE,NONE,NONE,NONE,"{'gnu-9.2.0'}",NONE,"applications","('poppler', 100), ('er', 90), ('poppler-data', 90), ('ppl', 90)",poppler
"postgres+postgis","{'9.5.3+2.2.2'}",NONE,NONE,NONE,NONE,"{'gnu-4.9.2'}",NONE,"applications","('postgis', 90), ('postgresql', 76), ('stress', 75), ('isl', 72)",NONE
"postgresql","{'9.5.3'}",NONE,NONE,NONE,NONE,"{'gnu-4.9.2'}",NONE,"applications","('postgresql', 100), ('r-rpostgresql', 87), ('r-rpostgres', 76), ('stress', 75)",postgresql
"primer3","{'2.3.6'}",NONE,NONE,NONE,NONE,NONE,NONE,"applications","('primer3', 100), ('er', 90), ('r', 90), ('r3d', 72)",primer3
"probabel","{'0.4.5'}",NONE,NONE,NONE,NONE,"{'gnu-4.9.2'}",NONE,"applications","('r', 90), ('py-tensorflow-probability', 79), ('py-babel', 75), ('bazel', 72)",NONE
"proj.4","{'6.0.0', '4.9.1', '6.1.0', '5.2.0'}",NONE,NONE,NONE,NONE,NONE,NONE,"applications","('proj', 90), ('r', 90), ('r-proj', 79), ('r-proj4', 77)",NONE
"proovread","{'2.13.11-8Jan2016-f6a856a'}",NONE,NONE,NONE,NONE,NONE,NONE,"applications","('adf', 72), ('readfq', 72), ('proj', 68), ('root', 68)",NONE
"pymol","{'1.7.7.2', '1.8.2.1'}",NONE,NONE,NONE,NONE,NONE,NONE,"applications","('py-pymol', 90), ('pygmo', 80), ('sympol', 73), ('octave-symbolic', 72)",NONE
"pyrosetta","{'release-73'}",NONE,NONE,NONE,NONE,NONE,NONE,"applications","('rose', 90), ('py-py', 86), ('py-oset', 75), ('stata', 72)",NONE
"pytorch","{'1.11.0', '1.2.0'}",NONE,"{'cpu', 'gpu'}",NONE,NONE,NONE,NONE,"applications","('py-torch', 93), ('c', 90), ('orc', 90), ('py-efficientnet-pytorch', 90)",NONE
"qctool","{'beta', 'ba5eaa44a62f', '2'}",NONE,NONE,NONE,NONE,NONE,NONE,"applications","('c', 90), ('cool', 80), ('cctools', 77), ('fermisciencetools', 75)",NONE
"quantum-espresso","{'6.1', '6.5', '7.0', '6.3', '5.2.0', '6.4.1'}",NONE,NONE,"{'thermo_pw-1.0.9', 'thermo_pw-1.2.1', 'impi'}",NONE,"{'intel-2015-update2', 'intel2017', 'intel-2018'}","{'6.4.1-impi', '5.2.0-impi', '6.1-impi', '6.5-impi', '7.0-impi', '6.3-impi'}","applications","('quantum-espresso', 100), ('ant', 90), ('sp', 90), ('py-espresso', 80)",quantum-espresso
"r","{'3.2.0', '3.2.2', '3.3.0', '3.3.2', '3.4.0', 'r-3.5.1_bc-3.7', '3.6.0', '3.4.2', 'new', '3.5.3', 'r-3.6.0_bc-3.9', '3.5.1', '3.5.0', '4.2.0', 'old'}",NONE,NONE,"{'openblas', 'atlas'}","{'recommended'}","{'gnu-4.9.2', 'gnu-10.2.0'}","{'3.2.2-openblas', '3.4.0-openblas', '3.3.2-openblas', '3.5.0-openblas', '3.3.0-openblas', '3.5.1-openblas', '3.6.0-openblas', '3.5.3-openblas', '3.2.0-atlas', '3.4.2-openblas', '4.2.0-openblas'}","bundles","('r', 100), ('3proxy', 90), ('agrep', 90), ('albert', 90)",r
"randfold","{'2.0'}",NONE,NONE,NONE,NONE,"{'gnu-4.9.2'}",NONE,"applications","('randfold', 100), ('r', 90), ('ldc', 72), ('andi', 68)",randfold
"rclone","{'1.51.0'}",NONE,NONE,NONE,NONE,NONE,NONE,"applications","('rclone', 100), ('c', 90), ('r', 90), ('perl-clone', 75)",rclone
"repast-hpc","{'2.1'}",NONE,NONE,NONE,NONE,"{'gnu-4.9.2'}",NONE,"applications","('hpcc', 77), ('hpcg', 77), ('pasta', 76), ('expat', 72)",NONE
"root","{'6.04.00', '5.34.36', '5.34.30'}",NONE,NONE,"{'gsl-2.4', 'fftw-3.3.6'}",NONE,"{'gnu-4.9.2'}","{'gnu-4.9.2-fftw-3.3.6', 'gnu-4.9.2-fftw-3.3.6-gsl-2.4'}","applications","('root', 100), ('fakechroot', 90), ('hadoop-xrootd', 90), ('py-cheroot', 90)",root
"rosetta","{'2018.48.60516', '2015.31.58019'}","{'mpi'}",NONE,NONE,NONE,NONE,"{'2015.31.58019-mpi', '2018.48.60516-mpi'}","applications","('r', 90), ('rose', 90), ('tar', 72), ('tau', 72)",NONE
"rsem","{'1.2.31'}",NONE,NONE,NONE,NONE,NONE,NONE,"applications","('rsem', 100), ('r', 90), ('r-sparsem', 90), ('r-sparsematrixstats', 90)",rsem
"rvtests","{'2.1.0'}",NONE,NONE,NONE,NONE,NONE,NONE,"applications","('r', 90), ('vt', 90), ('rt-tests', 80), ('vvtest', 77)",NONE
"sac","{'101.6a', '102.0'}",NONE,NONE,NONE,NONE,NONE,NONE,"applications","('c', 90), ('casacore', 90), ('py-sacremoses', 90), ('r-alsace', 90)",NONE
"salmon","{'1.9.0'}",NONE,NONE,NONE,NONE,NONE,NONE,"applications","('salmon', 100), ('salmon-tddft', 90), ('mono', 77), ('lemon', 73)",salmon
"sambamba","{'0.6.7'}","{'bindist'}",NONE,NONE,NONE,NONE,"{'0.6.7-bindist'}","applications","('sambamba', 100), ('hama', 68), ('magma', 62), ('amg', 60)",sambamba
"samblaster","{'0.1.24'}",NONE,NONE,NONE,NONE,"{'gnu-4.9.2'}",NONE,"applications","('samblaster', 100), ('er', 90), ('last', 90), ('astra', 72)",samblaster
"samsrf","{'5.84'}",NONE,NONE,"{'matlab.r2019b'}",NONE,NONE,NONE,"applications","('r', 90), ('adms', 68), ('gams', 68), ('saws', 68)",NONE
"samtools","{'1.11', '1.2', '1.3.1', '1.9', '0.1.19'}",NONE,NONE,NONE,NONE,"{'gnu-4.9.2'}",NONE,"applications","('samtools', 100), ('bamtools', 88), ('r-rsamtools', 84), ('osmctools', 82)",samtools
"sas","{'64', '9.4', '9.4-M6', '9.4-m7'}",NONE,NONE,NONE,NONE,NONE,NONE,"applications","('cyrus-sasl', 90), ('py-pure-sasl', 90), ('r-sass', 90), ('saws', 86)",NONE
"sc","{'7.16'}",NONE,NONE,NONE,NONE,NONE,NONE,"applications","('amdscalapack', 90), ('ascent', 90), ('asciidoc', 90), ('asciidoc-py3', 90)",NONE
"siesta","{'4.0.1'}",NONE,NONE,NONE,NONE,"{'intel-2017'}",NONE,"applications","('siesta', 100), ('star', 77), ('stat', 77), ('py-msrestazure', 75)",siesta
"skewer","{'0.2.2'}",NONE,NONE,NONE,NONE,NONE,NONE,"applications","('er', 90), ('r', 90), ('pacbio-damasker', 72), ('r-whisker', 72)",NONE
"smalt","{'0.7.6'}",NONE,NONE,NONE,NONE,"{'gnu-4.9.2'}",NONE,"applications","('smalt', 100), ('fastmath', 72), ('libatasmart', 72), ('ltp', 72)",smalt
"snpAD","{'0.3.4'}","{'bindist'}",NONE,NONE,NONE,NONE,"{'0.3.4-bindist'}","applications","('spades', 73), ('adf', 72), ('py-jsonpatch', 72), ('py-jsonpath-ng', 72)",NONE
"snptest","{'2.5.4-beta3'}",NONE,NONE,NONE,NONE,NONE,NONE,"applications","('snptest', 100), ('nest', 73), ('py-crashtest', 69), ('ruby-zentest', 69)",snptest
"sod","{'3.2.7', '3.2.10'}",NONE,NONE,NONE,NONE,NONE,NONE,"applications","('libsodium', 90), ('py-isodate', 90), ('r-gsodr', 90), ('angsd', 72)",NONE
"spaceranger","{'1.2.2'}",NONE,NONE,NONE,NONE,NONE,NONE,"applications","('ace', 90), ('er', 90), ('sp', 90), ('erlang', 75)",NONE
"spm","{'r6470', '8', '12', 'jan2020', 'r6313'}",NONE,NONE,"{'matlab.r2015a', 'matlab.r2019b'}",NONE,NONE,NONE,"applications","('spm', 100), ('sp', 90), ('libsm', 72), ('miniasm', 72)",spm
"spss","{'25', '26'}",NONE,NONE,NONE,NONE,NONE,NONE,"applications","('sp', 90), ('sshpass', 73), ('hdf5-vol-external-passthrough', 68), ('keepassxc', 68)",NONE
"sqlite","{'3.31.1'}",NONE,NONE,NONE,NONE,"{'gnu-9.2.0'}",NONE,"applications","('sqlite', 100), ('perl-dbd-sqlite', 90), ('py-aiosqlite', 90), ('py-pysqlite', 90)",sqlite
"stacks","{'2.54'}",NONE,NONE,NONE,NONE,"{'gnu-4.9.2'}",NONE,"applications","('stacks', 100), ('ack', 90), ('c', 90), ('ck', 90)",stacks
"star","{'2.5.2a', '2.7.3a'}",NONE,NONE,NONE,NONE,NONE,NONE,"applications","('star', 100), ('perl-star-fusion', 90), ('r', 90), ('r-stargazer', 90)",star
"star-ccm+","{'14.06.013', '12.04.010', '13.02.011', '11.04.010-R8', '13.06.012', '9.06.011'}",NONE,NONE,NONE,NONE,NONE,NONE,"applications","('c', 90), ('r', 90), ('star', 90), ('star-ccm-plus', 90)",NONE
"star-cd","{'4.26.022', '4.22.058', '4.28.050', '4.26.011'}",NONE,NONE,NONE,NONE,NONE,NONE,"applications","('c', 90), ('r', 90), ('star', 90), ('tar', 90)",NONE
"stata","{'14', '15'}",NONE,NONE,NONE,NONE,NONE,NONE,"applications","('stata', 100), ('stat', 89), ('perl-math-vecstat', 80), ('py-gpustat', 80)",stata
"supermagic","{'1.2'}",NONE,NONE,NONE,NONE,"{'intel-2017'}",NONE,"applications","('er', 90), ('magics', 82), ('superchic', 74), ('ico', 72)",NONE
"taup","{'2.1.2'}",NONE,NONE,NONE,NONE,NONE,NONE,"applications","('tau', 86), ('py-ez-setup', 77), ('r-metap', 77), ('systemtap', 77)",NONE
"tensorflow","{'2.8.0', '1.8.0', '1.14.0', '1.4.1', '2.0.0', '1.12.0', '1.13.1'}",NONE,"{'cpu', 'gpu'}","{'python-3.8.6', 'mkl', 'py37'}",NONE,"{'cudnn75'}","{'gpu-py37', 'gpu-py37-cudnn75', 'mkl-py37'}","applications","('py-tensorflow', 95), ('fl', 90), ('py-tensorflow-datasets', 90), ('py-tensorflow-estimator', 90)",NONE
"tephra2","{'2.0', 'r149'}","{'normal'}",NONE,NONE,NONE,"{'gnu-4.9.2'}",NONE,"applications","('r', 90), ('tophat', 62), ('apr', 60), ('feh', 60)",NONE
"tesseract","{'3.05.01'}",NONE,NONE,NONE,NONE,NONE,NONE,"applications","('tesseract', 100), ('er', 90), ('py-pytesseract', 90), ('acct', 77)",tesseract
"texinfo","{'5.2', '6.6'}",NONE,NONE,NONE,NONE,"{'gnu-4.9.2'}",NONE,"applications","('texinfo', 100), ('trexio', 77), ('xvinfo', 77), ('fox', 72)",texinfo
"texlive","{'2015', '2014', '2019'}",NONE,NONE,NONE,NONE,NONE,NONE,"applications","('texlive', 100), ('elsi', 68), ('hive', 68), ('tfel', 68)",texlive
"textract","{'1.5.0'}",NONE,NONE,NONE,NONE,NONE,NONE,"applications","('c', 90), ('r', 90), ('r-exactextractr', 90), ('pacbio-dextractor', 79)",NONE
"tmux","{'2.2', '3.2a'}",NONE,NONE,NONE,NONE,NONE,NONE,"applications","('tmux', 100), ('ruby-tmuxinator', 90), ('libusbmuxd', 68), ('notmuch', 68)",tmux
"tophat","{'2.1.0'}",NONE,NONE,NONE,NONE,NONE,NONE,"applications","('tophat', 100), ('phast', 73), ('ant', 72), ('atf', 72)",tophat
"tracer","{'1.6'}",NONE,NONE,NONE,NONE,NONE,NONE,"applications","('tracer', 100), ('ace', 90), ('beast-tracer', 90), ('c', 90)",tracer
"tractor","{'3.2.5'}",NONE,NONE,NONE,NONE,NONE,NONE,"applications","('c', 90), ('pacbio-dextractor', 90), ('r', 90), ('r-exactextractr', 83)",NONE
"tree","{'1.7.0'}",NONE,NONE,NONE,NONE,NONE,NONE,"applications","('tree', 100), ('fasttree', 90), ('figtree', 90), ('iq-tree', 90)",tree
"trim_galore","{'0.4.1'}",NONE,NONE,NONE,NONE,NONE,NONE,"applications","('trimgalore', 95), ('lordec', 72), ('lorene', 72), ('re2', 72)",NONE
"trimmomatic","{'0.33'}",NONE,NONE,NONE,NONE,NONE,NONE,"applications","('trimmomatic', 100), ('matio', 72), ('atmi', 68), ('goma', 68)",trimmomatic
"turbomole","{'6.6', '6.5', '6.4'}","{'mpi', 'serial', 'smp'}",NONE,NONE,NONE,NONE,NONE,"applications","('turbomole', 100), ('molden', 72), ('cool', 68), ('jmol', 68)",turbomole
"ubpred",NONE,"{'1-bin32dist'}",NONE,NONE,NONE,NONE,NONE,"applications","('ed', 90), ('r', 90), ('subread', 77), ('phred', 73)",NONE
"udunits","{'2.2.19', '2.2.20', '2.2.26'}",NONE,NONE,NONE,NONE,"{'gnu-4.9.2'}",NONE,"applications","('udunits', 100), ('units', 83), ('r-udunits2', 82), ('itsx', 77)",udunits
"varscan","{'2.3.9'}",NONE,NONE,NONE,NONE,NONE,NONE,"applications","('varscan', 100), ('c', 90), ('r', 90), ('cans', 77)",varscan
"vasp","{'5.4.4-18apr2017', '5.4.1-05feb16', '5.4.1-24jun15', '6.1.2-01dec2020', '6.2.1-19Jan2022', '6.3.0-24Jan2022'}",NONE,"{'gpu'}","{'vtst-r160', 'vtst-r178', 'libbeef', 'p2', 'p08072015'}",NONE,"{'nvidia-22.1', 'intel-2019', 'intel-2015-update2', 'intel-2019-update5', 'intel-2017-update1'}","{'5.4.1-05feb16-p2', 'nvidia-22.1-gpu', '5.4.1-24jun15-p2-vtst-r160', '5.4.4-18apr2017-vtst-r178', '5.4.4-18apr2017-libbeef', '5.4.1-24jun15-p08072015'}","applications","('vasp', 100), ('sp', 90), ('py-ipycanvas', 77), ('aspa', 75)",vasp
"vcftools","{'0.1.15'}",NONE,NONE,NONE,NONE,"{'gnu-4.9.2'}",NONE,"applications","('vcftools', 100), ('c', 90), ('vc', 90), ('bcftools', 88)",vcftools
"velvet","{'1.2.10'}",NONE,NONE,NONE,NONE,NONE,NONE,"applications","('velvet', 100), ('velvetoptimiser', 90), ('py-pywavelets', 75), ('eve', 67)",velvet
"vep","{'95.0'}",NONE,NONE,NONE,NONE,NONE,NONE,"applications","('autoconf-archive', 72), ('duperemove', 72), ('highfive', 72), ('jansi-native', 72)",NONE
"vesta","{'3.4.6'}","{'bindist'}",NONE,NONE,NONE,NONE,"{'3.4.6-bindist'}","applications","('vesta', 100), ('siesta', 73), ('vvtest', 73), ('fast-global-file-status', 72)",vesta
"vg","{'1.11.0'}",NONE,NONE,NONE,NONE,NONE,NONE,"applications","('actsvg', 90), ('librsvg', 90), ('pdf2svg', 90), ('perl-svg', 90)",NONE
"viennarna","{'2.1.9'}",NONE,NONE,NONE,NONE,"{'gnu-4.9.2'}",NONE,"applications","('viennarna', 100), ('rnaz', 77), ('enca', 68), ('nano', 68)",viennarna
"vinalc","{'1.1.2'}",NONE,NONE,NONE,NONE,"{'gnu-4.9.2'}",NONE,"applications","('c', 90), ('ginac', 73), ('autodock-vina', 72), ('ldc', 72)",NONE
"visit","{'2.9.2'}",NONE,NONE,NONE,NONE,NONE,NONE,"applications","('visit', 100), ('visit-cgns', 90), ('visit-ffp', 90), ('visit-mfem', 90)",visit
"vmd","{'1.9.4', '1.9.3'}","{'a55-gl+cuda', 'GL+CUDA', 'text-only'}",NONE,NONE,NONE,NONE,NONE,"applications","('vmd', 100), ('impalajit-llvm', 72), ('intel-llvm', 72), ('libsvm', 72)",vmd
"vt","{'2018-08-01'}",NONE,NONE,NONE,NONE,"{'gnu-4.9.2'}",NONE,"applications","('vt', 100), ('evtgen', 90), ('igvtools', 90), ('kvtree', 90)",vt
"xmds","{'2.2.2', '3.0.0'}",NONE,NONE,NONE,NONE,NONE,NONE,"applications","('ds', 90), ('amdscalapack', 68), ('bamdst', 68), ('cmdstan', 68)",NONE
"xtalopt","{'r12.1'}",NONE,NONE,NONE,NONE,"{'gnu-4.9.2'}",NONE,"applications","('pdt', 72), ('alps', 68), ('aomp', 68), ('atop', 68)",NONE
"xulrunner","{'10.0.2', '3.6.28'}",NONE,NONE,NONE,NONE,"{'gnu-4.9.2'}",NONE,"applications","('er', 90), ('py-xmlrunner', 76), ('nekrs', 68), ('r-nnet', 68)",NONE
"yambo","{'4.1.4'}",NONE,NONE,NONE,NONE,"{'intel-2017'}",NONE,"applications","('yambo', 100), ('octave-symbolic', 72), ('py-about-time', 72), ('r-clisymbols', 72)",yambo
"apr","{'1.5.2', '1.7.0'}",NONE,NONE,NONE,NONE,NONE,NONE,"libraries","('apr', 100), ('apr-util', 90), ('haproxy', 90), ('libapreq2', 90)",apr
"apr-util","{'1.5.4', '1.6.1'}",NONE,NONE,NONE,NONE,NONE,NONE,"libraries","('apr-util', 100), ('apr', 90), ('r', 90), ('darshan-util', 86)",apr-util
"argtable","{'2.13'}",NONE,NONE,NONE,NONE,NONE,NONE,"libraries","('argtable', 100), ('r', 90), ('r-gtable', 88), ('r-xtable', 75)",argtable
"armadillo","{'7.400.3'}",NONE,NONE,NONE,NONE,"{'intel-2015-update2'}",NONE,"libraries","('armadillo', 100), ('r-rcpparmadillo', 90), ('drill', 72), ('karma', 72)",armadillo
"arpack-ng","{'3.5.0', '3.4.0'}","{'serial', 'threaded'}",NONE,NONE,NONE,"{'intel-2017', 'intel-2015-update2', 'gnu-4.9.2'}","{'gnu-4.9.2-threaded', 'gnu-4.9.2-serial'}","libraries","('arpack-ng', 100), ('ack', 90), ('ck', 90), ('py-jsonpath-ng', 86)",arpack-ng
"atlas","{'3.10.2'}",NONE,NONE,NONE,NONE,"{'intel-2015-update2', 'gnu-4.9.2'}",NONE,"libraries","('atlas', 100), ('matlab', 73), ('talass', 73), ('bigdft-atlab', 72)",atlas
"bambamc","{'0.0.50'}",NONE,NONE,NONE,NONE,"{'gnu-4.9.2'}",NONE,"libraries","('c', 90), ('mc', 90), ('mcl', 72), ('biobambam2', 71)",NONE
"boost","{'1.75.0', '1_63_0', '1_54_0'}","{'mpi'}",NONE,"{'ompi-1.10.1'}",NONE,"{'intel-2015-update2', 'gnu-4.9.2', 'intel-2017-update1'}","{'gnu-4.9.2-ompi-1.10.1'}","libraries","('boost', 100), ('boostmplcartesianproduct', 90), ('grnboost', 90), ('py-boost-histogram', 90)",boost
"cernlib","{'2006-35', '2006'}",NONE,NONE,NONE,NONE,"{'gnu-4.9.2'}",NONE,"libraries","('c', 90), ('er', 90), ('r', 90), ('cqrlib', 77)",NONE
"cfitsio","{'3370'}",NONE,NONE,NONE,NONE,"{'intel-2015-update2', 'gnu-4.9.2'}",NONE,"libraries","('cfitsio', 100), ('c', 90), ('sio', 90), ('ccfits', 77)",cfitsio
"cgal","{'4.9'}",NONE,NONE,NONE,NONE,"{'gnu-4.9.2'}",NONE,"libraries","('cgal', 100), ('c', 90), ('sfcgal', 90), ('cgl', 86)",cgal
"clusteringsuite","{'2.6.6'}","{'bindist'}",NONE,NONE,NONE,NONE,NONE,"libraries","('er', 90), ('lustre', 75), ('muster', 75), ('r-cluster', 70)",NONE
"cppunit","{'1.15.1'}",NONE,NONE,NONE,NONE,"{'gnu-4.9.2', 'gnu-10.2.0'}",NONE,"libraries","('cppunit', 100), ('c', 90), ('cunit', 83), ('pfunit', 77)",cppunit
"cunit","{'2.1-3'}",NONE,NONE,NONE,NONE,"{'gnu-4.9.2'}",NONE,"libraries","('cunit', 100), ('c', 90), ('cppunit', 83), ('units', 80)",cunit
"cvmfs","{'2.2.1'}",NONE,NONE,NONE,NONE,"{'gnu-4.9.2'}",NONE,"libraries","('c', 90), ('cvs', 75), ('fsl', 72), ('lcms', 67)",NONE
"dyninst","{'9.3.2'}",NONE,NONE,NONE,NONE,"{'gnu-4.9.2'}",NONE,"libraries","('dyninst', 100), ('sbt', 72), ('stc', 72), ('nest', 68)",dyninst
"eigen","{'3.2.5', '3.3.9'}",NONE,NONE,NONE,NONE,"{'gnu-4.9.2'}",NONE,"libraries","('eigen', 100), ('eigenexa', 90), ('r-rcppeigen', 90), ('r-foreign', 80)",eigen
"elfutils","{'0.170'}",NONE,NONE,NONE,NONE,"{'gnu-4.9.2'}",NONE,"libraries","('elfutils', 100), ('ea-utils', 75), ('heputils', 75), ('keyutils', 75)",elfutils
"fftw","{'3.3.6', '3.3.4', '3.3.8', '3.3.10', '2.1.5'}","{'threads'}",NONE,"{'ompi-1.10.1', 'pl2', 'ompi', 'impi'}",NONE,"{'nvidia-22.1', 'intel-2018', 'intel-2017-update1', 'intel-2017', 'intel-2015-update2', 'gnu-4.9.2'}","{'3.3.4-threads', '3.3.4-ompi', '3.3.4-ompi-1.10.1', '3.3.6-pl2', '3.3.8-impi', '3.3.4-impi', '3.3.8-ompi'}","libraries","('fftw', 100), ('amdfftw', 90), ('cray-fftw', 90), ('fujitsu-fftw', 90)",fftw
"forge","{'1.0.0'}",NONE,NONE,NONE,NONE,"{'gnu-4.9.2'}",NONE,"libraries","('arm-forge', 90), ('miniforge3', 90), ('r', 90), ('r-annotationforge', 90)",NONE
"freeimage","{'3.17.0'}",NONE,NONE,NONE,NONE,"{'gnu-4.9.2'}",NONE,"libraries","('freeimage', 100), ('imake', 72), ('freeipmi', 71), ('r-imager', 71)",freeimage
"freetype","{'2.8.1'}",NONE,NONE,NONE,NONE,"{'gnu-4.9.2'}",NONE,"libraries","('freetype', 100), ('r', 90), ('freebayes', 71), ('tree', 68)",freetype
"ga","{'5.7'}","{'8BInts'}",NONE,NONE,NONE,"{'intel-2018'}","{'5.7-8BInts'}","libraries","('blast-legacy', 90), ('brigand', 90), ('cgal', 90), ('changa', 90)",NONE
"gcc-libs","{'4.9.2'}",NONE,NONE,NONE,NONE,NONE,NONE,"libraries","('c', 90), ('gcc', 90), ('rocm-device-libs', 86), ('libfs', 80)",NONE
"geos","{'3.5.0'}",NONE,NONE,NONE,NONE,"{'gnu-4.9.2'}",NONE,"libraries","('geos', 100), ('py-pygeos', 90), ('r-geosphere', 90), ('r-rgeos', 90)",geos
"gflags","{'2.2.1'}",NONE,NONE,NONE,NONE,NONE,NONE,"libraries","('gflags', 100), ('fl', 90), ('args', 77), ('flash', 73)",gflags
"giflib","{'5.1.1'}",NONE,NONE,NONE,NONE,NONE,NONE,"libraries","('giflib', 100), ('fl', 90), ('giblib', 83), ('glib', 80)",giflib
"glbinding","{'2.1.2'}",NONE,NONE,NONE,NONE,"{'gnu-4.9.2'}",NONE,"libraries","('bind9', 72), ('py-argon2-cffi-bindings', 70), ('redland-bindings', 70), ('andi', 68)",NONE
"glew","{'1.13.0', '2.1.0'}",NONE,NONE,NONE,NONE,"{'gnu-4.9.2'}",NONE,"libraries","('glew', 100), ('beagle', 77), ('libbeagle', 77), ('py-glmsingle', 77)",glew
"glfw","{'3.2.1'}",NONE,NONE,NONE,NONE,"{'gnu-4.9.2'}",NONE,"libraries","('glfw', 100), ('glew', 75), ('glfmultiples', 68), ('py-pygelf', 68)",glfw
"glog","{'0.3.5'}",NONE,NONE,NONE,NONE,NONE,NONE,"libraries","('glog', 100), ('py-proglog', 90), ('gloo', 75), ('gprolog', 73)",glog
"glpk","{'4.60'}",NONE,NONE,NONE,NONE,"{'gnu-4.9.2'}",NONE,"libraries","('glpk', 100), ('alpaka', 68), ('glproto', 68), ('py-hieroglyph', 68)",glpk
"gsl","{'1.16', '2.4'}",NONE,NONE,NONE,NONE,"{'intel-2017', 'intel-2015-update2', 'gnu-4.9.2'}",NONE,"libraries","('gsl', 100), ('cppgsl', 90), ('gslib', 90), ('octave-gsl', 90)",gsl
"gstreamer","{'1.12.0'}",NONE,NONE,NONE,NONE,NONE,NONE,"libraries","('er', 90), ('stream', 90), ('amber', 80), ('rename', 75)",NONE
"h5py","{'2.10.0'}",NONE,NONE,"{'ompi'}",NONE,"{'gnu-4.9.2'}","{'2.10.0-ompi'}","libraries","('py-h5py', 90), ('py-peachpy', 77), ('h5part', 68), ('py-path-py', 68)",NONE
"harminv","{'1.4.1', '1.4'}",NONE,NONE,NONE,NONE,"{'gnu-4.9.2'}",NONE,"libraries","('harminv', 100), ('r', 90), ('atmi', 68), ('hama', 68)",harminv
"hdf","{'5-1.8.15', '5-1.10.2', '5-1.10.5'}",NONE,NONE,"{'ompi', 'impi', 'p1'}",NONE,"{'intel-2015-update2', 'gnu-4.9.2', 'intel-2018'}","{'5-1.10.2-impi', '5-1.8.15-p1-impi', '5-1.8.15-p1-ompi', '5-1.10.5-ompi'}","libraries","('hdf', 100), ('hdf-eos2', 90), ('hdf-eos5', 90), ('hdf5-blosc', 90)",hdf
"htslib","{'1.7', '1.11', '1.3.1', '1.2.1'}",NONE,NONE,NONE,NONE,"{'gnu-4.9.2'}",NONE,"libraries","('htslib', 100), ('r-rhtslib', 90), ('sl', 90), ('libc', 77)",htslib
"hwloc","{'1.11.12'}",NONE,NONE,NONE,NONE,NONE,NONE,"libraries","('hwloc', 100), ('c', 90), ('oce', 72), ('odc', 72)",hwloc
"hypre","{'2.11.2'}",NONE,NONE,"{'openmpi-3.1.1', 'openmpi-3.0.0'}",NONE,"{'intel-2017', 'intel-2018'}",NONE,"libraries","('hypre', 100), ('hypre-cmake', 90), ('r', 90), ('hyphen', 73)",hypre
"ipopt","{'3.14.2'}",NONE,NONE,NONE,NONE,"{'intel-2018'}",NONE,"libraries","('ipopt', 100), ('ip', 90), ('py-pyscipopt', 90), ('scipoptsuite', 90)",ipopt
"jansson","{'2.11'}",NONE,NONE,NONE,NONE,NONE,NONE,"libraries","('jansson', 100), ('nss', 90), ('branson', 71), ('ants', 68)",jansson
"json-c","{'0.12'}",NONE,NONE,NONE,NONE,"{'gnu-4.9.2'}",NONE,"libraries","('json-c', 100), ('c', 90), ('cjson', 86), ('geoip-api-c', 86)",json-c
"lapack","{'3.8.0'}",NONE,NONE,NONE,NONE,"{'gnu-4.9.2'}",NONE,"libraries","('clapack', 92), ('ack', 90), ('amdscalapack', 90), ('c', 90)",NONE
"leptonica","{'1.74.4'}",NONE,NONE,NONE,NONE,NONE,NONE,"libraries","('leptonica', 100), ('enca', 68), ('tini', 68), ('r-ica', 64)",leptonica
"leveldb","{'1.20'}",NONE,NONE,NONE,NONE,NONE,NONE,"libraries","('leveldb', 100), ('eve', 90), ('perl-sub-uplevel', 75), ('elsd', 68)",leveldb
"libbdwgc","{'7.4.2'}",NONE,NONE,NONE,NONE,"{'gnu-4.9.2'}",NONE,"libraries","('c', 90), ('libvdwxc', 75), ('g2c', 72), ('gcc', 72)",NONE
"libbeef","{'0.1.3'}",NONE,NONE,NONE,NONE,"{'intel-2018'}",NONE,"libraries","('libelf', 77), ('libbeagle', 75), ('libceed', 71), ('libcerf', 71)",NONE
"libctl","{'3.2.2', '4.3.0'}",NONE,NONE,NONE,NONE,"{'gnu.4.9.2', 'gnu-4.9.2'}",NONE,"libraries","('libctl', 100), ('bc', 90), ('c', 90), ('libc', 90)",libctl
"libdwarf","{'20170709'}",NONE,NONE,NONE,NONE,"{'gnu-4.9.2'}",NONE,"libraries","('libdwarf', 100), ('r', 90), ('libgd', 72), ('libmd', 72)",libdwarf
"libelf","{'0.8.13'}",NONE,NONE,NONE,NONE,"{'gnu-4.9.2'}",NONE,"libraries","('libelf', 100), ('liblzf', 83), ('libcerf', 77), ('libexif', 77)",libelf
"libetsfio","{'1.0.4'}",NONE,NONE,NONE,NONE,"{'intel-2015-update2', 'gnu-4.9.2'}",NONE,"libraries","('fio', 90), ('sfcio', 80), ('filo', 77), ('etsf-io', 75)",NONE
"libflac","{'1.3.1'}",NONE,NONE,NONE,NONE,"{'gnu-4.9.2'}",NONE,"libraries","('c', 90), ('fl', 90), ('flac', 90), ('libflame', 80)",NONE
"libgd","{'2.1.1'}",NONE,NONE,NONE,NONE,"{'intel-2015-update2', 'gnu-4.9.2'}",NONE,"libraries","('libgd', 100), ('libmd', 80), ('libbsd', 73), ('libdmx', 73)",libgd
"libgdsii","{'0.21'}",NONE,NONE,NONE,NONE,"{'gnu-4.9.2'}",NONE,"libraries","('ds', 90), ('libgd', 90), ('bdsim', 72), ('libmd', 72)",NONE
"libint","{'1.1.4'}",NONE,NONE,NONE,NONE,"{'gnu-4.9.2'}",NONE,"libraries","('libint', 100), ('libcint', 92), ('libnet', 83), ('libecpint', 80)",libint
"libmatheval","{'1.1.11'}",NONE,NONE,NONE,NONE,NONE,NONE,"libraries","('libmatheval', 100), ('athena', 75), ('libmad', 75), ('hevea', 72)",libmatheval
"libsodium","{'1.0.6'}",NONE,NONE,NONE,NONE,"{'gnu-4.9.2'}",NONE,"libraries","('libsodium', 100), ('libbsd', 75), ('libao', 72), ('libfs', 72)",libsodium
"libsox","{'14.4.2'}",NONE,NONE,NONE,NONE,"{'gnu-4.9.2'}",NONE,"libraries","('sox', 90), ('libbson', 77), ('libjson', 77), ('liboldx', 77)",NONE
"libuuid","{'1.0.3'}",NONE,NONE,NONE,NONE,"{'gnu-4.9.2'}",NONE,"libraries","('libuuid', 100), ('apple-libuuid', 90), ('libidl', 77), ('libunwind', 75)",libuuid
"libxc","{'2.2.2', '4.2.3', '2.1.2', '3.0.0'}",NONE,NONE,NONE,NONE,"{'intel-2015-update2', 'gnu-4.9.2', 'intel-2018'}",NONE,"libraries","('libxc', 100), ('libxcb', 91), ('c', 90), ('libxcomposite', 90)",libxc
"libxml2","{'2.9.4'}",NONE,NONE,NONE,NONE,"{'gnu-4.9.2'}",NONE,"libraries","('libxml2', 100), ('perl-alien-libxml2', 90), ('perl-xml-libxml', 83), ('libjxl', 77)",libxml2
"llvm","{'3.3', '6.0.1', '8.0.0', '3.9.1'}",NONE,NONE,NONE,NONE,"{'gnu-4.9.2'}",NONE,"libraries","('llvm', 100), ('impalajit-llvm', 90), ('intel-llvm', 90), ('llvm-amdgpu', 90)",llvm
"lmdb","{'0.9.22'}",NONE,NONE,NONE,NONE,NONE,NONE,"libraries","('lmdb', 100), ('py-lmdb', 90), ('lmod', 75), ('alembic', 68)",lmdb
"lz4","{'1.8.3'}",NONE,NONE,NONE,NONE,NONE,NONE,"libraries","('lz4', 100), ('py-lz4', 90), ('py-bcolz', 72), ('py-cantoolz', 72)",lz4
"magma","{'2.4.0'}",NONE,NONE,NONE,NONE,NONE,NONE,"libraries","('magma', 100), ('imagemagick', 72), ('goma', 67), ('hama', 67)",magma
"med","{'4.0.0'}",NONE,NONE,NONE,NONE,"{'gnu-4.9.2'}",NONE,"libraries","('med', 100), ('ed', 90), ('perl-file-homedir', 90), ('perl-lwp-mediatypes', 90)",med
"mesa","{'6.5', '10.6.3', '13.0.6', '10.6.9'}",NONE,NONE,NONE,NONE,"{'gnu-4.9.2'}",NONE,"libraries","('mesa', 100), ('mesa-demos', 90), ('mesa-glu', 90), ('mesa18', 90)",mesa
"metis","{'5.1.0'}",NONE,NONE,NONE,NONE,"{'intel-2015-update2', 'gnu-4.9.2', 'intel-2018'}",NONE,"libraries","('metis', 100), ('formetis', 90), ('mt-metis', 90), ('parmetis', 90)",metis
"intel","{'update1', '2016.0.109', '2018', '2017', 'update4', '2013', 'update5', 'release', 'update3', 'update2', 'update6', '2022.2', '2019', '2021.6.0', '2013.1.046', '2015', '2020'}",NONE,NONE,NONE,NONE,"{'intel', 'gnu-4.9.2'}",NONE,"compilers","('intel', 100), ('intel-daal', 90), ('intel-gpu-tools', 90), ('intel-gtpin', 90)",intel
"openmpi","{'3.1.6', '4.1.1', '2.0.2', '1.8.4', '2.1.2', '1.10.1', '3.1.1', '3.1.4', '4.0.3', '3.0.0'}",NONE,NONE,NONE,NONE,"{'intel-2018', 'intel-2017', 'gnu-4.9.2', 'intel-2015-update2'}",NONE,"libraries",NONE,NONE
"mpi4py","{'3.0.2', '2.0.0', '3.0.0'}",NONE,NONE,"{'python3', 'python2'}",NONE,"{'gnu-4.9.2'}",NONE,"libraries","('py-mpi4py', 90), ('mpip', 80), ('mpfi', 68), ('mpir', 68)",NONE
"multinest","{'3.10b'}",NONE,NONE,NONE,NONE,"{'gnu-4.9.2'}",NONE,"libraries","('nest', 90), ('multiverso', 74), ('r-multtest', 74), ('sbt', 72)",NONE
"mumps","{'5.2.1'}",NONE,NONE,NONE,NONE,"{'intel-2018'}",NONE,"libraries","('mumps', 100), ('py-pymumps', 90), ('lammps', 73), ('perl-devel-symdump', 72)",mumps
"mumps-thirdparty","{'3.0.0'}",NONE,NONE,NONE,NONE,"{'intel-2018'}",NONE,"libraries","('mumps', 90), ('r-party', 77), ('mpest', 72), ('bart', 68)",NONE
"mysql-connector-python","{'8.0.28', '8.0.22', '2.0.4'}",NONE,NONE,"{'python-3.6.3', 'python-3.9.0', 'python-3.5.2', 'python-3.9.6', 'python-3.9.10', 'python-3.8.6', 'python-3.8.0', 'python-3.7.4'}",NONE,NONE,NONE,"libraries","('py-mysql-connector-python', 95), ('mysql', 90), ('python', 90), ('perl-dbd-mysql', 86)",NONE
"nag","{'7.0.7020', '6.2.6214', 'mark27', '6.0.1044', '6.1.6106', 'mark25', 'mark26', 'mark22', '6.2.6223', 'mark24'}",NONE,NONE,NONE,NONE,"{'nag-6.2.6223', 'fortran', 'intel-2019', 'intel-2017', 'intel-2015-update2', 'nag-6.1.6106', 'gnu-4.9.2', 'nag-6.0.1044'}",NONE,"compilers","('nag', 100), ('py-boom-boot-manager', 90), ('py-gee-asset-manager', 90), ('py-vsts-cd-manager', 90)",nag
"netcdf","{'4.3.3.1', '4.9.0'}",NONE,NONE,NONE,NONE,"{'intel-2015-update2', 'gnu-4.9.2', 'intel-2018-update3'}",NONE,"libraries","('netcdf-c', 95), ('c', 90), ('etcd', 90), ('netcdf-cxx', 90)",NONE
"netcdf-c++","{'4.2'}",NONE,NONE,NONE,NONE,"{'intel-2015-update2', 'gnu-4.9.2'}",NONE,"libraries","('netcdf-c', 100), ('c', 90), ('etcd', 90), ('netcdf-cxx', 89)",netcdf-c
"netcdf-c++4","{'4.2'}",NONE,NONE,NONE,NONE,"{'intel-2015-update2', 'gnu-4.9.2'}",NONE,"libraries","('netcdf-c', 95), ('etcd', 90), ('adol-c', 86), ('c-ares', 86)",NONE
"netcdf-fortran","{'4.4.1', '4.5.4'}",NONE,NONE,NONE,NONE,"{'intel-2015-update2', 'gnu-4.9.2', 'intel-2018-update3'}",NONE,"libraries","('netcdf-fortran', 100), ('etcd', 90), ('fortran', 90), ('netcdf-c', 86)",netcdf-fortran
"numactl","{'2.0.12'}",NONE,NONE,NONE,NONE,NONE,NONE,"libraries","('numactl', 100), ('c', 90), ('ctpl', 77), ('acct', 68)",numactl
"openblas","{'0.3.2', '0.2.14', '0.3.7'}","{'threads', 'openmp', 'serial', 'native-threads'}",NONE,NONE,NONE,"{'intel-2015-update2', 'gnu-4.9.2'}","{'0.3.2-serial', '0.3.2-native-threads', '0.3.7-native-threads', '0.3.7-openmp', '0.3.2-openmp', '0.3.7-serial', '0.2.14-threads'}","libraries","('openblas', 100), ('blasr', 80), ('openpbs', 80), ('openmolcas', 78)",openblas
"openjpeg","{'2.4.0'}",NONE,NONE,NONE,NONE,"{'gnu-4.9.2'}",NONE,"libraries","('openjpeg', 100), ('sjpeg', 72), ('opengl', 71), ('openpa', 71)",openjpeg
"openslide","{'3.4.1'}",NONE,NONE,NONE,NONE,"{'gnu-4.9.2'}",NONE,"libraries","('openslide', 100), ('py-openslide-python', 90), ('sl', 90), ('slider', 82)",openslide
"papi","{'5.5.1'}",NONE,NONE,NONE,NONE,"{'gnu-4.9.2'}",NONE,"libraries","('papi', 100), ('chaplin', 68), ('cray-mvapich2', 68), ('gapfiller', 68)",papi
"parmetis","{'4.0.3'}",NONE,NONE,NONE,NONE,"{'intel-2015-update2'}",NONE,"libraries","('parmetis', 100), ('metis', 90), ('r', 90), ('formetis', 75)",parmetis
"pcre2","{'10.21'}",NONE,NONE,NONE,NONE,"{'gnu-4.9.2'}",NONE,"libraries","('pcre2', 100), ('c', 90), ('r', 90), ('re2', 90)",pcre2
"pgplot","{'5.2.2'}",NONE,NONE,NONE,NONE,"{'intel-2017', 'intel-2018'}",NONE,"libraries","('pgplot', 100), ('plplot', 83), ('gnuplot', 77), ('py-geoplot', 75)",pgplot
"pillow-simd","{'6.0.0.post0'}",NONE,NONE,"{'python-3.7.4'}",NONE,NONE,NONE,"libraries","('py-pillow-simd', 95), ('simde', 80), ('py-pillow', 76), ('med', 72)",NONE
"protobuf","{'3.5.1', '12-2017'}",NONE,NONE,NONE,NONE,"{'gnu-4.9.2'}",NONE,"libraries","('protobuf', 100), ('protobuf-c', 95), ('py-protobuf', 95), ('r', 90)",protobuf
"psm2","{'11.2.185'}",NONE,NONE,NONE,NONE,"{'gnu-4.9.2'}",NONE,"libraries","('opa-psm2', 90), ('psm', 86), ('pism', 75), ('psmc', 75)",NONE
"pstreams","{'1.0.1'}",NONE,NONE,NONE,NONE,"{'gnu-4.9.2'}",NONE,"libraries","('pstreams', 100), ('r', 90), ('stream', 86), ('rngstreams', 78)",pstreams
"pygsl","{'2.1.1'}",NONE,NONE,"{'python3.6'}",NONE,"{'gnu-4.9.2'}","{'2.1.1-python3.6'}","libraries","('gsl', 90), ('sl', 90), ('cppgsl', 73), ('py-dgl', 73)",NONE
"pyngl","{'1.4.0'}",NONE,NONE,NONE,NONE,NONE,NONE,"libraries","('py-angel', 77), ('opengl', 73), ('py-dgl', 73), ('py-gql', 73)",NONE
"pynio","{'1.4.1'}",NONE,NONE,NONE,NONE,NONE,NONE,"libraries","('py-pynio', 90), ('py-anyio', 77), ('py-dnaio', 77), ('py-minio', 77)",NONE
"quip","{'18c5440'}","{'threads'}",NONE,NONE,NONE,"{'gnu-4.9.2'}","{'18c5440-threads'}","libraries","('ip', 90), ('alquimia', 68), ('mesquite', 68), ('mosquitto', 68)",NONE
"qutip","{'4.1.0'}",NONE,NONE,"{'python-2.7.12'}",NONE,NONE,NONE,"libraries","('ip', 90), ('glfmultiples', 72), ('imp', 72), ('ip2', 72)",NONE
"scalapack","{'0.3.2', '0.3.7', '2.0.2'}",NONE,NONE,"{'openblas'}",NONE,"{'gnu-4.9.2'}","{'openblas-0.3.2', 'openblas-0.3.7'}","libraries","('ack', 90), ('ck', 90), ('netlib-scalapack', 90), ('scala', 90)",NONE
"snappy","{'1.1.7'}",NONE,NONE,NONE,NONE,NONE,NONE,"libraries","('snappy', 100), ('py-snappy', 90), ('snap', 90), ('gmap-gsnap', 72)",snappy
"spark","{'3.1.1'}","{'bin'}",NONE,"{'hadoop2.7'}",NONE,NONE,"{'3.1.1-bin-hadoop2.7'}","libraries","('spark', 100), ('py-pyspark', 90), ('r', 90), ('sp', 90)",spark
"sparskit2","{'2009.11.18'}",NONE,NONE,NONE,NONE,"{'intel-2015-update2', 'gnu-4.9.2'}",NONE,"libraries","('sparskit', 94), ('sp', 90), ('sparse', 75), ('rdkit', 72)",NONE
"spectral","{'3.4.0'}","{'bindist'}",NONE,NONE,NONE,NONE,NONE,"libraries","('py-spectral', 95), ('spectra', 93), ('c', 90), ('r', 90)",NONE
"spglib","{'1.7.4'}",NONE,NONE,NONE,NONE,"{'gnu-4.9.2'}",NONE,"libraries","('spglib', 100), ('glib', 90), ('py-spglib', 90), ('sp', 90)",spglib
"squid","{'1.9g'}",NONE,NONE,NONE,NONE,"{'gnu-4.9.2'}",NONE,"libraries","('squid', 100), ('idl', 72), ('mesquite', 72), ('mosquitto', 72)",squid
"suitesparse","{'4.5.5'}","{'serial', 'threaded'}",NONE,NONE,NONE,"{'gnu-4.9.2', 'intel-2017-update1'}","{'gnu-4.9.2-threaded', 'gnu-4.9.2-serial'}","libraries","('suite-sparse', 96), ('sp', 90), ('sparse', 90), ('parsec', 82)",NONE
"superlu","{'5.2.1'}",NONE,NONE,NONE,NONE,"{'intel-2015-update2'}",NONE,"libraries","('superlu', 100), ('superlu-mt', 95), ('er', 90), ('perl', 90)",superlu
"superlu-dist","{'5.1.0'}",NONE,NONE,NONE,NONE,"{'intel-2015-update2'}",NONE,"libraries","('superlu-dist', 100), ('er', 90), ('perl', 90), ('superlu', 90)",superlu-dist
"szip","{'2.1'}",NONE,NONE,NONE,NONE,NONE,NONE,"libraries","('ip', 90), ('laszip', 90), ('libszip', 90), ('sz', 90)",NONE
"ucx","{'1.8.0', '1.9.0'}",NONE,NONE,NONE,NONE,"{'gnu-4.9.2'}",NONE,"libraries","('ucx', 100), ('c', 90), ('py-ucx-py', 90), ('upcxx', 75)",ucx
"unixodbc","{'2.3.7'}",NONE,NONE,NONE,NONE,NONE,NONE,"libraries","('unixodbc', 100), ('bc', 90), ('c', 90), ('nix', 90)",unixodbc
"vtk","{'5.10.1', '6.2.0'}",NONE,NONE,NONE,NONE,"{'gnu-4.9.2'}",NONE,"libraries","('vtk', 100), ('py-ipyvtk-simple', 90), ('tk', 90), ('vt', 90)",vtk
"wavpack","{'5.1.0'}",NONE,NONE,NONE,NONE,"{'gnu-4.9.2'}",NONE,"libraries","('ack', 90), ('c', 90), ('ck', 90), ('clapack', 71)",NONE
"webkitgtk","{'2.4.9-1', '2.2.4-1'}",NONE,NONE,NONE,NONE,NONE,NONE,"libraries","('tk', 90), ('gatk', 77), ('eckit', 72), ('kitty', 72)",NONE
"zeromq","{'4.1.4'}",NONE,NONE,NONE,NONE,"{'gnu-4.9.2'}",NONE,"libraries","('er', 90), ('r', 90), ('maq', 72), ('oneapi-level-zero', 72)",NONE
"clang","{'8.0.0'}",NONE,NONE,NONE,NONE,NONE,NONE,"compilers","('c', 90), ('hipify-clang', 90), ('py-libclang', 90), ('rocm-clang-ocl', 90)",NONE
"gnu","{'4.9.2'}",NONE,NONE,NONE,NONE,NONE,NONE,"compilers","('dejagnu', 90), ('gnuconfig', 90), ('gnupg', 90), ('gnuplot', 90)",NONE
"go","{'1.7.3', '1.12.4', '1.15.2', '1.16.3', '1.8', '1.16.5'}",NONE,NONE,NONE,NONE,NONE,NONE,"compilers","('go', 100), ('aragorn', 90), ('argobots', 90), ('argon2', 90)",go
"nvidia","{'22.1', '21.11', '21.3', '22.2', '22.9', '22.3', '20.9'}",NONE,NONE,NONE,"{'hpc-sdk'}",NONE,NONE,"compilers","('dia', 90), ('py-nvidia-ml-py', 90), ('py-nvidia-ml-py3', 90), ('py-torch-nvidia-apex', 90)",NONE
"pgi","{'2016.5', '2015.7', '2015.4', '2018.10', '2012.10', '2018.5', '2017.3'}",NONE,NONE,NONE,NONE,"{'llvm', 'gnu-4.9.2'}","{'2018.5-llvm', '2018.10-llvm'}","compilers","('pgi', 100), ('pagit', 75), ('exempi', 72), ('fujitsu-mpi', 72)",pgi
"rust","{'1.46.0', '1.18.0', '1.58.1'}",NONE,NONE,NONE,NONE,NONE,NONE,"compilers","('rust', 100), ('py-picrust', 90), ('py-picrust2', 90), ('py-setuptools-rust', 90)",rust
"armforge","{'20.1.2'}",NONE,NONE,NONE,NONE,NONE,NONE,"development","('arm-forge', 94), ('r', 90), ('cmor', 68), ('form', 68)",NONE
"autoconf","{'2.69'}",NONE,NONE,NONE,NONE,NONE,NONE,"development","('autoconf', 100), ('autoconf-archive', 90), ('c', 90), ('gconf', 72)",autoconf
"autogen","{'5.18.12'}",NONE,NONE,NONE,NONE,"{'gnu-4.9.2'}",NONE,"development","('autogen', 100), ('py-pymatgen', 75), ('atop', 68), ('autoconf', 67)",autogen
"automake","{'1.16.1'}",NONE,NONE,NONE,NONE,NONE,NONE,"development","('automake', 100), ('automaded', 82), ('maker', 80), ('bmake', 72)",automake
"bazel","{'0.14.1', '0.24.0', '0.7.0', '0.27.1', '0.21.0', '0.26.1', '0.24.1'}",NONE,NONE,NONE,NONE,"{'gnu-4.9.2'}",NONE,"development","('bazel', 100), ('blaze', 80), ('babelflow', 72), ('babeltrace', 72)",bazel
"binutils","{'2.29.1'}",NONE,NONE,NONE,NONE,"{'gnu-4.9.2'}",NONE,"development","('binutils', 100), ('nut', 90), ('coinutils', 82), ('findutils', 82)",binutils
"bison","{'3.0.4'}",NONE,NONE,NONE,NONE,"{'gnu-4.9.2'}",NONE,"development","('bison', 100), ('winbison', 90), ('unison', 73), ('libiconv', 72)",bison
"chicken","{'4.13.0'}",NONE,NONE,NONE,NONE,NONE,NONE,"development","('c', 90), ('ck', 90), ('chai', 68), ('icet', 68)",NONE
"clojure","{'1.10.3.1069', '1.10.0.411'}",NONE,NONE,NONE,NONE,NONE,NONE,"development","('c', 90), ('r', 90), ('perl-eval-closure', 77), ('re2', 72)",NONE
"cmake","{'3.2.1', '3.13.3', '3.7.2', '3.21.1(default)', '3.19.1'}",NONE,NONE,NONE,NONE,NONE,NONE,"development","('cmake', 100), ('c', 90), ('gccmakedep', 90), ('hsf-cmaketools', 90)",cmake
"cmdstan","{'2.24.1'}",NONE,NONE,NONE,NONE,"{'gnu-4.9.2'}",NONE,"development","('cmdstan', 100), ('c', 90), ('ds', 90), ('r-cmdstanr', 82)",cmdstan
"cuda","{'9.0.176-patch4', '10.1.243', '7.5.18', '8.0.61-patch2', '10.0.130'}",NONE,NONE,NONE,NONE,"{'gnu-4.9.2'}",NONE,"development","('cuda', 100), ('c', 90), ('cuda-memtest', 90), ('py-pycuda', 90)",cuda
"cudnn","{'7.0.4', '7.1.4', '7.4.2.24', '6.0', '7.6.5.32', '5.1', '7.5.0.56'}",NONE,NONE,NONE,NONE,"{'cuda-8.0', 'cuda-10.0', 'cuda-10.1', 'cuda-7.5', 'cuda-9.0'}",NONE,"development","('cudnn', 100), ('c', 90), ('cuda', 67), ('nn-c', 64)",cudnn
"ddt","{'6.0.4'}",NONE,NONE,NONE,NONE,NONE,NONE,"development","('ddt', 100), ('py-geeadd', 72), ('cdd', 67), ('ddd', 67)",ddt
"depot_tools","{'c03a9cf', '788d9e0d'}",NONE,NONE,NONE,NONE,NONE,NONE,"development","('rdptools', 74), ('lis', 72), ('lsf', 72), ('py-deeptools', 70)",NONE
"dimemas","{'5.3.3'}","{'bindist'}",NONE,NONE,NONE,NONE,NONE,"development","('dimemas', 100), ('masa', 77), ('mash', 77), ('memaxes', 71)",dimemas
"doxygen","{'1.8.14'}",NONE,NONE,NONE,NONE,NONE,NONE,"development","('doxygen', 100), ('r-roxygen2', 71), ('xyce', 68), ('hydrogen', 67)",doxygen
"emacs","{'24.5', '26.3', '28.1'}",NONE,NONE,NONE,NONE,NONE,NONE,"development","('emacs', 100), ('c', 90), ('gsettings-desktop-schemas', 80), ('macsio', 73)",emacs
"extrae","{'3.5.2'}",NONE,NONE,NONE,NONE,"{'intel-2017'}",NONE,"development","('extrae', 100), ('r', 90), ('py-scikit-learn-extra', 82), ('py-urllib3-secure-extra', 82)",extrae
"f2c","{'2013-09-26'}",NONE,NONE,NONE,NONE,"{'gnu-4.9.2'}",NONE,"development","('f2c', 100), ('c', 90), ('iperf2', 72), ('py-cyvcf2', 72)",f2c
"flex","{'2.5.39'}",NONE,NONE,NONE,NONE,NONE,NONE,"development","('flex', 100), ('fl', 90), ('flexiblas', 90), ('py-flexmock', 90)",flex
"git","{'2.19.1', '2.3.5', '2.10.2', '2.32.0'}",NONE,NONE,NONE,NONE,NONE,NONE,"development","('git', 100), ('digitrounding', 90), ('git-annex', 90), ('git-fat-git', 90)",git
"gperf","{'3.0.4'}",NONE,NONE,NONE,NONE,"{'gnu-4.9.2'}",NONE,"development","('gperf', 100), ('er', 90), ('gperftools', 90), ('r', 90)",gperf
"guile","{'2.0.11'}",NONE,NONE,NONE,NONE,"{'gnu-4.9.2'}",NONE,"development","('guile', 100), ('agile', 80), ('bigdft-futile', 72), ('py-azure-mgmt-imagebuilder', 72)",guile
"haskellplatform","{'2014.2.0.0'}",NONE,NONE,NONE,NONE,NONE,NONE,"development","('atf', 90), ('form', 90), ('orfm', 77), ('aspell', 75)",NONE
"htop","{'1.0.3'}",NONE,NONE,NONE,NONE,"{'gnu-4.9.2'}",NONE,"development","('htop', 100), ('bashtop', 90), ('openspeedshop', 77), ('atop', 75)",htop
"java","{'8u322-b06', '17.0.2+8', '11.0.14.1+1', '1.8.0_92', '11.0.1', '8u212', '11.0.14+9', '1.8.0_45', '11.0.3u7'}","{'hotspot'}",NONE,NONE,"{'openjdk-8', 'openjdk-11', 'temurin-17', 'temurin-11', 'semeru-8', 'openj9', 'semeru-17', 'semeru-11', 'temurin-8'}",NONE,NONE,"development","('ibm-java', 90), ('py-javaproperties', 90), ('py-python-javabridge', 90), ('r-rjava', 90)",NONE
"julia","{'1.6.2', '0.3.10', '1.6.0', '0.5.0', '1.7.1', '1.5.0', '1.3.1', '1.2.0', '1.7.0', '0.7.0', '0.4.7', '0.4.0', '0.6.0', '1.1.0', '1.0.0'}",NONE,NONE,NONE,NONE,NONE,NONE,"development","('julia', 100), ('libcxxwrap-julia', 90), ('libuv-julia', 90), ('julea', 80)",julia
"libtool","{'2.4.6'}",NONE,NONE,NONE,NONE,NONE,NONE,"development","('libtool', 100), ('bwtool', 77), ('libctl', 77), ('libtlx', 77)",libtool
"ltrace","{'0.7.3'}",NONE,NONE,NONE,NONE,"{'gnu-4.9.2'}",NONE,"development","('ltrace', 100), ('ace', 90), ('babeltrace', 90), ('c', 90)",ltrace
"lua","{'5.3.1'}",NONE,NONE,NONE,NONE,NONE,NONE,"development","('lua', 100), ('lua-bit32', 90), ('lua-bitlib', 90), ('lua-ffi', 90)",lua
"mc","{'4.8.14'}",NONE,NONE,NONE,NONE,NONE,NONE,"development","('mc', 100), ('baurmc', 90), ('c', 90), ('cosmomc', 90)",mc
"mono","{'3.12.1', '5.20.1.27'}",NONE,NONE,NONE,NONE,"{'gnu-4.9.2'}",NONE,"development","('mono', 100), ('py-monotonic', 90), ('launchmon', 77), ('libdaemon', 77)",mono
"nano","{'6.1', '2.4.2', '4.9'}",NONE,NONE,NONE,NONE,NONE,NONE,"development","('nano', 100), ('nanoflann', 90), ('nanomsg', 90), ('nanopb', 90)",nano
"nasm","{'2.13.01'}",NONE,NONE,NONE,NONE,NONE,NONE,"development","('nasm', 100), ('namd', 75), ('yasm', 75), ('miniasm', 73)",nasm
"ncl","{'6.0.0', '6.3.0'}",NONE,NONE,NONE,NONE,NONE,NONE,"development","('ncl', 100), ('c', 90), ('g4incl', 90), ('miopen-opencl', 90)",ncl
"nedit","{'5.6-aug15'}",NONE,NONE,NONE,NONE,NONE,NONE,"development","('ed', 90), ('py-bandit', 80), ('xedit', 80), ('nbdkit', 73)",NONE
"netlogo","{'6.1.0'}",NONE,NONE,NONE,NONE,NONE,NONE,"development","('go', 90), ('g2o', 72), ('glog', 68), ('gloo', 68)",NONE
"paraver","{'4.6.4.rc1'}","{'bindist'}",NONE,NONE,NONE,NONE,NONE,"development","('paraver', 100), ('er', 90), ('r', 90), ('wxparaver', 88)",paraver
"perl","{'5.16.0', '5.22.0'}",NONE,NONE,NONE,NONE,NONE,NONE,"development","('perl', 100), ('er', 90), ('perl-acme-damn', 90), ('perl-algorithm-diff', 90)",perl
"perlbrew","{'0.73'}",NONE,NONE,NONE,NONE,NONE,NONE,"development","('er', 90), ('perl', 90), ('r', 90), ('r-brew', 71)",NONE
"pigz","{'2.4'}",NONE,NONE,NONE,NONE,NONE,NONE,"development","('pigz', 100), ('pig', 86), ('compiz', 77), ('pixz', 75)",pigz
"pkg-config","{'0.29.2'}",NONE,NONE,NONE,NONE,NONE,NONE,"development","('pkg-config', 100), ('perl-config-general', 86), ('perl-extutils-config', 86), ('perl-extutils-pkgconfig', 86)",pkg-config
"pycuda","{'2017.1'}",NONE,NONE,"{'python3', 'python2'}",NONE,NONE,NONE,"development","('c', 90), ('cuda', 90), ('py-pycuda', 90), ('py-cudf', 77)",NONE
"pypy3","{'6.0.0', '3.5'}","{'compat'}",NONE,NONE,NONE,"{'gnu-4.9.2'}","{'3.5-compat'}","bundles","('py-py', 80), ('py-pymc3', 77), ('py-gpy', 73), ('py-ply', 73)",NONE
"python","{'3.6.3', '3.5.2', '3.7.2', '3.9.10', '3.9.0', '3.6.1', '2019', '3.8.0', '3.8.6(default)', '3.6.8', '4.10.3', '4.5.11', '3.9.1', '3.9.6', '3.7.0', '3.4.3', '2.7.12', '3.7.4', '2.7.9'}","{'idp3'}",NONE,NONE,"{'miniconda3'}","{'gnu-4.9.2'}",NONE,"development","('python', 100), ('py-antlr4-python3-runtime', 90), ('py-avro-python3', 90), ('py-biopython', 90)",python
"qt","{'5.4.2', '5.12.1', '4.8.6'}",NONE,NONE,NONE,NONE,"{'gnu-4.9.2'}",NONE,"development","('qt', 100), ('fqtrim', 90), ('iqtree2', 90), ('py-pyqt-builder', 90)",qt
"qwt","{'6.1.4'}",NONE,NONE,NONE,NONE,"{'gnu-4.9.2'}",NONE,"development","('qwt', 100), ('py-guiqwt', 90), ('py-pythonqwt', 90), ('qwtpolar', 90)",qwt
"racket","{'6.8'}",NONE,NONE,NONE,NONE,NONE,NONE,"development","('racket', 100), ('ack', 90), ('c', 90), ('ck', 90)",racket
"rappture","{'20130903'}",NONE,NONE,NONE,NONE,NONE,NONE,"development","('r', 90), ('py-iocapture', 72), ('re2', 72), ('appres', 71)",NONE
"rstudio-ide","{'1.4.1717'}",NONE,NONE,NONE,NONE,NONE,NONE,"development","('rstudio', 90), ('r-rstudioapi', 70), ('hudi', 68), ('r-ids', 68)",NONE
"ruby","{'2.2.2'}",NONE,NONE,NONE,NONE,NONE,NONE,"development","('ruby', 100), ('r', 90), ('ruby-asciidoctor', 90), ('ruby-erubis', 90)",ruby
"ruse","{'1.0.1', '2.0'}",NONE,NONE,NONE,NONE,NONE,NONE,"development","('r', 90), ('aocl-sparse', 77), ('feq-parse', 77), ('hipsparse', 77)",NONE
"sbcl","{'1.3.19', '2.1.6'}",NONE,NONE,NONE,NONE,NONE,NONE,"development","('bc', 90), ('c', 90), ('sbml', 75), ('amdscalapack', 68)",NONE
"sbt","{'1.6.1'}",NONE,NONE,NONE,NONE,NONE,NONE,"development","('sbt', 100), ('bamdst', 72), ('boost', 72), ('catalyst', 72)",sbt
"scala","{'2.13.8', '3.1.1'}",NONE,NONE,NONE,NONE,NONE,NONE,"development","('scala', 100), ('amdscalapack', 90), ('c', 90), ('netlib-scalapack', 90)",scala
"scons","{'2.3.4'}",NONE,NONE,NONE,NONE,NONE,NONE,"development","('scons', 100), ('c', 90), ('scs', 75), ('sos', 75)",scons
"strace","{'4.12'}",NONE,NONE,NONE,NONE,NONE,NONE,"development","('strace', 100), ('ace', 90), ('c', 90), ('dnstracer', 90)",strace
"subversion","{'1.14.1', '1.8.13'}",NONE,NONE,NONE,NONE,NONE,NONE,"development","('subversion', 100), ('er', 90), ('sio', 90), ('bumpversion', 76)",subversion
"swig","{'3.0.7', '3.0.5'}",NONE,NONE,NONE,NONE,"{'gnu-4.9.2'}",NONE,"development","('swig', 100), ('sowing', 80), ('py-deepsig', 77), ('cosign', 68)",swig
"tcl","{'8.6.8'}",NONE,NONE,NONE,NONE,NONE,NONE,"development","('tcl', 100), ('c', 90), ('jimtcl', 90), ('py-fastcluster', 90)",tcl
"v8","{'5.6', '3.15'}",NONE,NONE,NONE,NONE,NONE,NONE,"development","('r-v8', 90), ('clamav', 60), ('direnv', 60), ('fxdiv', 60)",NONE
"valgrind","{'3.11.0'}",NONE,NONE,NONE,NONE,"{'gnu-4.9.2'}",NONE,"development","('valgrind', 100), ('r', 90), ('oclgrind', 75), ('grid', 68)",valgrind
"xbae","{'4.60.4'}",NONE,NONE,NONE,NONE,NONE,NONE,"development","('babelflow', 68), ('byte-unixbench', 68), ('epics-base', 68), ('exabayes', 68)",NONE
"xorg-utils","{'X11R7.7'}",NONE,NONE,NONE,NONE,NONE,NONE,"development","('openspeedshop-utils', 86), ('perl-array-utils', 86), ('perl-scalar-list-utils', 86), ('py-illumina-utils', 86)",NONE
"beta-modules",NONE,NONE,NONE,NONE,NONE,NONE,NONE,"bundles","('environment-modules', 86), ('lanl-cmake-modules', 86), ('mofem-users-modules', 86), ('py-azure-cli-command-modules-nspkg', 86)",NONE
"bioperl",NONE,NONE,NONE,NONE,"{'recommended'}",NONE,NONE,"bundles","('er', 90), ('perl', 90), ('perl-bioperl', 90), ('r', 90)",NONE
"blic-modules",NONE,NONE,NONE,NONE,NONE,NONE,NONE,"bundles","('environment-modules', 86), ('lanl-cmake-modules', 86), ('mofem-users-modules', 86), ('py-azure-cli-command-modules-nspkg', 86)",NONE
"brunel-modules",NONE,NONE,NONE,NONE,NONE,NONE,NONE,"bundles","('py-azure-cli-command-modules-nspkg', 86), ('less', 77), ('erne', 68), ('kmod', 68)",NONE
"chemistry-modules",NONE,NONE,NONE,NONE,NONE,NONE,NONE,"bundles","('py-azure-cli-command-modules-nspkg', 86), ('py-lmodule', 72), ('r-mco', 72), ('py-kmodes', 70)",NONE
"climate-tools",NONE,NONE,NONE,NONE,"{'recommended'}",NONE,NONE,"bundles","('or-tools', 86), ('py-climate', 78), ('gatetools', 73), ('acpica-tools', 72)",NONE
"deep_earth",NONE,NONE,NONE,NONE,NONE,NONE,NONE,"bundles","('bart', 68), ('bear', 68), ('meep', 68), ('ant', 60)",NONE
"default-modules","{'2017', '2018(default)', '2015'}",NONE,NONE,NONE,NONE,NONE,NONE,"bundles","('py-azure-cli-command-modules-nspkg', 86), ('less', 77), ('faust', 72), ('erfa', 68)",NONE
"default-modules-aristotle",NONE,NONE,NONE,NONE,NONE,NONE,NONE,"bundles","('faust', 72), ('istio', 72), ('r-iso', 72), ('args', 68)",NONE
"economics-modules",NONE,NONE,NONE,NONE,NONE,NONE,NONE,"bundles","('py-azure-cli-command-modules-nspkg', 86), ('less', 77), ('recon', 72), ('cool', 68)",NONE
"farr",NONE,NONE,NONE,NONE,"{'recommended'}",NONE,NONE,"bundles","('r', 90), ('rr', 90), ('autoconf-archive', 68), ('barrnap', 68)",NONE
"farr-modules",NONE,NONE,NONE,NONE,NONE,NONE,NONE,"bundles","('rr', 90), ('environment-modules', 86), ('lanl-cmake-modules', 86), ('mofem-users-modules', 86)",NONE
"imperial-modules",NONE,NONE,NONE,NONE,NONE,NONE,NONE,"bundles","('er', 90), ('imp', 90), ('py-azure-cli-command-modules-nspkg', 86), ('less', 77)",NONE
"naglib","{'mark27'}",NONE,NONE,NONE,NONE,"{'intel-2019'}","{'mark27-intel-2019'}","bundles","('glib', 90), ('nag', 90), ('alglib', 83), ('libc', 77)",NONE
"personal-modules",NONE,NONE,NONE,NONE,NONE,NONE,NONE,"bundles","('er', 90), ('py-azure-cli-command-modules-nspkg', 86), ('nalu', 74), ('meson', 72)",NONE
"physics-modules",NONE,NONE,NONE,NONE,NONE,NONE,NONE,"bundles","('py-azure-cli-command-modules-nspkg', 86), ('less', 77), ('py-lmodule', 72), ('py-pyasn1-modules', 69)",NONE
"python2",NONE,NONE,NONE,NONE,"{'recommended'}",NONE,NONE,"bundles","('python', 92), ('py-biopython', 83), ('py-bx-python', 83), ('py-gitpython', 83)",NONE
"python3","{'3.9', '3.5', '3.4', '3.7', '3.8', '3.6'}",NONE,NONE,NONE,"{'recommended(default)'}",NONE,NONE,"bundles","('python', 92), ('py-antlr4-python3-runtime', 90), ('py-avro-python3', 90), ('py-python3-xlib', 90)",NONE
"rsd-modules",NONE,NONE,NONE,NONE,NONE,NONE,NONE,"bundles","('environment-modules', 86), ('lanl-cmake-modules', 86), ('mofem-users-modules', 86), ('py-azure-cli-command-modules-nspkg', 86)",NONE
"thermo-modules",NONE,NONE,NONE,NONE,NONE,NONE,NONE,"bundles","('er', 90), ('py-azure-cli-command-modules-nspkg', 86), ('less', 77), ('ermod', 76)",NONE
"torch-deps",NONE,NONE,NONE,NONE,NONE,NONE,NONE,"bundles","('orc', 90), ('py-torch-cluster', 86), ('py-torch-geometric', 86), ('py-torch-nvidia-apex', 86)",NONE
"workaround-modules",NONE,NONE,NONE,NONE,NONE,NONE,NONE,"bundles","('py-azure-cli-command-modules-nspkg', 86), ('less', 77), ('kmod', 68), ('lmod', 68)",NONE
